,Data,AED,AUD,BGN,BRL,CAD,CHF,CNY,CZK,DKK,EGP,EUR,GBP,HRK,100 HUF,INR,100 JPY,100 KRW,MDL,MXN,NOK,NZD,PLN,RSD,RUB,SEK,THB,TRY,UAH,USD,XAU,XDR,ZAR
0,2022-01-03,1.1859,3.1589,2.5295,0.7818,3.4356,4.7725,0.6853,0.1991,0.6652,0.2773,4.9474,5.8856,0.6580,1.3455,0.0586,3.7840,0.3650,0.2462,0.2123,0.4946,2.9740,1.0783,0.0421,0.0586,0.4811,0.1315,0.3265,0.1599,4.3559,255.7583,6.1040,0.2755
1,2022-01-04,1.1919,3.1565,2.5290,0.7704,3.4354,4.7720,0.6869,0.1995,0.6650,0.2780,4.9464,5.9153,0.6579,1.3534,0.0587,3.7783,0.3659,0.2452,0.2133,0.4937,2.9727,1.0813,0.0421,0.0584,0.4809,0.1316,0.3279,0.1604,4.3779,254.2395,6.1199,0.2744
2,2022-01-05,1.1908,3.1713,2.5288,0.7704,3.4391,4.7785,0.6868,0.2010,0.6649,0.2781,4.9460,5.9198,0.6578,1.3661,0.0588,3.7772,0.3652,0.2461,0.2139,0.4949,2.9792,1.0824,0.0421,0.0578,0.4829,0.1318,0.3269,0.1594,4.3739,255.7018,6.1175,0.2749
3,2022-01-06,1.1900,3.1348,2.5273,0.7656,3.4247,4.7587,0.6853,0.2013,0.6645,0.2781,4.9431,5.9135,0.6572,1.3700,0.0587,3.7721,0.3632,0.2444,0.2130,0.4930,2.9572,1.0828,0.0420,0.0574,0.4790,0.1305,0.3187,0.1590,4.3708,253.1450,6.1120,0.2774
4,2022-01-07,1.1903,3.1285,2.5276,0.7692,3.4393,4.7464,0.6856,0.2018,0.6646,0.2782,4.9436,5.9208,0.6573,1.3780,0.0588,3.7742,0.3634,0.2445,0.2142,0.4934,2.9528,1.0848,0.0420,0.0577,0.4798,0.1298,0.3164,0.1590,4.3720,251.8156,6.1141,0.2794
5,2022-01-10,1.1883,3.1427,2.5278,0.7747,3.4586,4.7364,0.6848,0.2028,0.6647,0.2779,4.9439,5.9286,0.6570,1.3819,0.0589,3.7770,0.3648,0.2443,0.2137,0.4948,2.9575,1.0890,0.0421,0.0582,0.4805,0.1299,0.3186,0.1587,4.3647,252.5851,6.1101,0.2796
6,2022-01-11,1.1880,3.1342,2.5284,0.7705,3.4535,4.7108,0.6846,0.2031,0.6648,0.2778,4.9452,5.9370,0.6574,1.3838,0.0590,3.7804,0.3658,0.2436,0.2143,0.4941,2.9528,1.0890,0.0421,0.0582,0.4806,0.1306,0.3174,0.1586,4.3637,253.2748,6.1110,0.2802
7,2022-01-12,1.1854,3.1385,2.5281,0.7818,3.4717,4.7133,0.6840,0.2023,0.6644,0.2772,4.9445,5.9315,0.6571,1.3874,0.0589,3.7717,0.3654,0.2427,0.2134,0.4977,2.9517,1.0909,0.0420,0.0584,0.4812,0.1305,0.3168,0.1571,4.3541,254.4439,6.1030,0.2812
8,2022-01-13,1.1743,3.1514,2.5275,0.7794,3.4552,4.7241,0.6781,0.2029,0.6644,0.2745,4.9435,5.9267,0.6569,1.3908,0.0583,3.7649,0.3641,0.2418,0.2117,0.4984,2.9673,1.0919,0.0420,0.0578,0.4829,0.1298,0.3171,0.1556,4.3131,252.7403,6.0715,0.2817
9,2022-01-14,1.1746,3.1360,2.5274,0.7803,3.4542,4.7342,0.6793,0.2018,0.6643,0.2750,4.9432,5.9246,0.6575,1.3928,0.0582,3.7872,0.3632,0.2394,0.2125,0.4965,2.9558,1.0895,0.0420,0.0567,0.4822,0.1299,0.3183,0.1542,4.3142,252.8267,6.0756,0.2813
10,2022-01-17,1.1788,3.1273,2.5278,0.7822,3.4628,4.7390,0.6821,0.2023,0.6644,0.2760,4.9440,5.9242,0.6572,1.3911,0.0583,3.7824,0.3632,0.2395,0.2135,0.4959,2.9486,1.0928,0.0421,0.0566,0.4796,0.1308,0.3199,0.1541,4.3296,253.3930,6.0872,0.2813
11,2022-01-18,1.1816,3.1199,2.5281,0.7867,3.4676,4.7457,0.6832,0.2025,0.6644,0.2764,4.9445,5.9102,0.6575,1.3861,0.0582,3.7850,0.3639,0.2404,0.2129,0.4952,2.9394,1.0923,0.0421,0.0568,0.4795,0.1311,0.3206,0.1524,4.3401,252.5792,6.0938,0.2807
12,2022-01-19,1.1864,3.1424,2.5282,0.7828,3.4926,4.7586,0.6866,0.2037,0.6644,0.2774,4.9447,5.9367,0.6573,1.3868,0.0586,3.8052,0.3664,0.2407,0.2143,0.4975,2.9613,1.0927,0.0421,0.0570,0.4775,0.1320,0.3204,0.1534,4.3575,254.8024,6.1121,0.2833
13,2022-01-20,1.1866,3.1542,2.5284,0.8014,3.4893,4.7614,0.6869,0.2039,0.6645,0.2774,4.9452,5.9366,0.6571,1.3859,0.0585,3.8144,0.3662,0.2416,0.2127,0.4955,2.9539,1.0935,0.0421,0.0569,0.4781,0.1324,0.3240,0.1538,4.3585,257.4507,6.1142,0.2867
14,2022-01-21,1.1874,3.1405,2.5283,0.8047,3.4856,4.7821,0.6878,0.2032,0.6644,0.2775,4.9449,5.9178,0.6569,1.3843,0.0586,3.8290,0.3660,0.2416,0.2131,0.4930,2.9344,1.0912,0.0421,0.0570,0.4752,0.1325,0.3250,0.1540,4.3614,257.2300,6.1169,0.2882
15,2022-01-25,1.1929,3.1268,2.5278,0.7984,3.4669,4.7642,0.6922,0.2019,0.6641,0.2789,4.9440,5.9008,0.6564,1.3716,0.0586,3.8403,0.3657,0.2424,0.2122,0.4864,2.9259,1.0794,0.0421,0.0558,0.4713,0.1325,0.3236,0.1529,4.3816,258.9166,6.1327,0.2854
16,2022-01-26,1.1936,3.1457,2.5280,0.8053,3.4884,4.7621,0.6934,0.2017,0.6644,0.2785,4.9443,5.9238,0.6567,1.3742,0.0585,3.8393,0.3662,0.2439,0.2131,0.4935,2.9346,1.0781,0.0421,0.0553,0.4739,0.1330,0.3243,0.1523,4.3840,260.3177,6.1373,0.2891
17,2022-01-27,1.2029,3.1316,2.5285,0.8132,3.4830,4.7622,0.6944,0.2020,0.6644,0.2807,4.9453,5.9300,0.6565,1.3791,0.0588,3.8355,0.3672,0.2446,0.2137,0.4942,2.9265,1.0818,0.0421,0.0563,0.4731,0.1330,0.3246,0.1522,4.4182,257.6976,6.1587,0.2899
18,2022-01-28,1.2094,3.1008,2.5288,0.8216,3.4736,4.7699,0.6984,0.2021,0.6645,0.2822,4.9459,5.9485,0.6568,1.3817,0.0591,3.8437,0.3666,0.2476,0.2134,0.4937,2.9072,1.0808,0.0421,0.0570,0.4707,0.1330,0.3258,0.1547,4.4424,255.4065,6.1795,0.2852
19,2022-01-31,1.2057,3.1216,2.5292,0.8250,3.4757,4.7472,0.6962,0.2025,0.6647,0.2813,4.9468,5.9528,0.6571,1.3818,0.0593,3.8341,0.3661,0.2478,0.2134,0.4944,2.9109,1.0759,0.0421,0.0570,0.4720,0.1329,0.3287,0.1558,4.4284,255.1269,6.1688,0.2852
20,2022-02-01,1.1963,3.1135,2.5290,0.8283,3.4664,4.7628,0.6908,0.2034,0.6648,0.2791,4.9464,5.9313,0.6572,1.3898,0.0587,3.8300,0.3652,0.2469,0.2138,0.4965,2.8980,1.0792,0.0421,0.0572,0.4737,0.1322,0.3280,0.1546,4.3941,255.2605,6.1408,0.2874
21,2022-02-02,1.1906,3.1278,2.5289,0.8304,3.4489,4.7576,0.6875,0.2038,0.6650,0.2784,4.9462,5.9268,0.6570,1.3909,0.0585,3.8233,0.3640,0.2438,0.2134,0.4978,2.9059,1.0876,0.0421,0.0575,0.4752,0.1318,0.3249,0.1540,4.3731,253.5240,6.1240,0.2862
22,2022-02-03,1.1937,3.1210,2.5287,0.8332,3.4507,4.7550,0.6893,0.2049,0.6649,0.2787,4.9457,5.9390,0.6573,1.3959,0.0585,3.8204,0.3639,0.2423,0.2128,0.4957,2.9111,1.0894,0.0421,0.0573,0.4754,0.1322,0.3227,0.1551,4.3845,254.2330,6.1329,0.2856
23,2022-02-04,1.1749,3.0621,2.5289,0.8166,3.3923,4.6766,0.6784,0.2032,0.6647,0.2742,4.9462,5.8511,0.6569,1.3975,0.0578,3.7549,0.3598,0.2432,0.2097,0.4941,2.8630,1.0889,0.0421,0.0569,0.4733,0.1309,0.3178,0.1535,4.3153,251.5569,6.0662,0.2814
24,2022-02-07,1.1789,3.0719,2.5288,0.8130,3.4019,4.6866,0.6808,0.2040,0.6644,0.2754,4.9460,5.8477,0.6576,1.4008,0.0580,3.7645,0.3610,0.2396,0.2089,0.4896,2.8635,1.0870,0.0421,0.0574,0.4726,0.1312,0.3191,0.1567,4.3301,252.1971,6.0782,0.2789
25,2022-02-08,1.1790,3.0851,2.5287,0.8227,3.4105,4.6917,0.6803,0.2043,0.6645,0.2757,4.9458,5.8666,0.6576,1.4004,0.0580,3.7578,0.3618,0.2411,0.2101,0.4917,2.8750,1.0915,0.0421,0.0576,0.4740,0.1315,0.3176,0.1546,4.3306,253.2856,6.0788,0.2804
26,2022-02-09,1.1770,3.1025,2.5288,0.8220,3.4080,4.6821,0.6795,0.2037,0.6645,0.2752,4.9459,5.8715,0.6572,1.4003,0.0578,3.7445,0.3619,0.2417,0.2107,0.4921,2.8885,1.0957,0.0421,0.0579,0.4749,0.1320,0.3181,0.1546,4.3233,253.9364,6.0726,0.2827
27,2022-02-10,1.1766,3.1098,2.5283,0.8254,3.4102,4.6803,0.6797,0.2028,0.6646,0.2751,4.9450,5.8656,0.6568,1.3973,0.0576,3.7312,0.3614,0.2417,0.2117,0.4902,2.8973,1.1020,0.0421,0.0578,0.4720,0.1324,0.3188,0.1552,4.3218,254.6604,6.0695,0.2864
28,2022-02-11,1.1814,3.0961,2.5282,0.8265,3.4103,4.6823,0.6824,0.2026,0.6645,0.2762,4.9447,5.8862,0.6564,1.3975,0.0576,3.7400,0.3628,0.2423,0.2117,0.4903,2.8863,1.0937,0.0421,0.0578,0.4659,0.1327,0.3219,0.1552,4.3392,254.8310,6.0850,0.2863
29,2022-02-14,1.1898,3.1044,2.5286,0.8319,3.4236,4.7269,0.6872,0.2018,0.6646,0.2778,4.9455,5.9104,0.6568,1.3882,0.0578,3.7942,0.3651,0.2434,0.2132,0.4905,2.8885,1.0834,0.0421,0.0569,0.4635,0.1343,0.3219,0.1531,4.3702,260.6495,6.1169,0.2875
30,2022-02-15,1.1858,3.1086,2.5275,0.8351,3.4268,4.7091,0.6858,0.2021,0.6642,0.2772,4.9434,5.9026,0.6566,1.3897,0.0578,3.7670,0.3639,0.2450,0.2138,0.4897,2.8850,1.0957,0.0420,0.0574,0.4675,0.1346,0.3192,0.1543,4.3554,259.7966,6.1020,0.2885
31,2022-02-16,1.1818,3.1118,2.5260,0.8413,3.4237,4.6929,0.6847,0.2029,0.6639,0.2757,4.9405,5.8879,0.6561,1.3922,0.0578,3.7513,0.3623,0.2436,0.2132,0.4881,2.8835,1.1006,0.0420,0.0579,0.4679,0.1341,0.3182,0.1544,4.3406,258.8389,6.0882,0.2876
32,2022-02-17,1.1836,3.1339,2.5278,0.8463,3.4224,4.7195,0.6858,0.2029,0.6644,0.2761,4.9439,5.9169,0.6563,1.3895,0.0579,3.7777,0.3631,0.2422,0.2148,0.4883,2.9172,1.0971,0.0420,0.0573,0.4671,0.1352,0.3190,0.1535,4.3474,263.7617,6.1002,0.2905
33,2022-02-18,1.1848,3.1360,2.5281,0.8413,3.4265,4.7250,0.6877,0.2033,0.6648,0.2766,4.9445,5.9240,0.6562,1.3860,0.0583,3.7777,0.3643,0.2421,0.2144,0.4873,2.9220,1.0935,0.0421,0.0575,0.4671,0.1353,0.3193,0.1537,4.3516,264.3604,6.1053,0.2890
34,2022-02-21,1.1851,3.1360,2.5282,0.8473,3.4147,4.7452,0.6873,0.2035,0.6647,0.2765,4.9447,5.9321,0.6563,1.3883,0.0584,3.7906,0.3651,0.2419,0.2148,0.4864,2.9253,1.0947,0.0421,0.0565,0.4651,0.1352,0.3192,0.1530,4.3529,265.5468,6.1080,0.2877
35,2022-02-22,1.1865,3.1483,2.5287,0.8538,3.4227,4.7430,0.6884,0.2020,0.6648,0.2768,4.9458,5.9118,0.6562,1.3882,0.0583,3.7919,0.3654,0.2423,0.2147,0.4904,2.9334,1.0887,0.0421,0.0553,0.4670,0.1346,0.3162,0.1505,4.3579,265.4031,6.1108,0.2877
36,2022-02-23,1.1861,3.1629,2.5290,0.8612,3.4271,4.7403,0.6896,0.2019,0.6649,0.2773,4.9463,5.9234,0.6562,1.3849,0.0584,3.7856,0.3656,0.2428,0.2152,0.4919,2.9582,1.0890,0.0421,0.0547,0.4678,0.1349,0.3155,0.1487,4.3564,265.4617,6.1116,0.2899
37,2022-02-24,1.2050,3.1770,2.5303,0.8834,3.4505,4.7920,0.6999,0.1981,0.6651,0.2812,4.9489,5.9418,0.6551,1.3513,0.0586,3.8591,0.3675,0.2431,0.2168,0.4895,2.9658,1.0672,0.0421,0.0527,0.4631,0.1356,0.3080,0.1467,4.4262,280.2920,6.1741,0.2897
38,2022-02-25,1.2053,3.1874,2.5298,0.8641,3.4564,4.7817,0.7009,0.1996,0.6649,0.2812,4.9479,5.9214,0.6552,1.3451,0.0587,3.8371,0.3679,0.2455,0.2168,0.4938,2.9720,1.0644,0.0421,0.0525,0.4653,0.1362,0.3143,0.1467,4.4271,271.8885,6.1709,0.2892
39,2022-02-28,1.2038,3.1892,2.5298,0.8563,3.4677,4.7957,0.7011,0.1981,0.6650,0.2815,4.9480,5.9187,0.6540,1.3399,0.0587,3.8253,0.3676,0.2433,0.2154,0.4976,2.9744,1.0562,0.0421,0.0450,0.4673,0.1353,0.3200,0.1467,4.4218,270.7414,6.1664,0.2860
40,2022-03-01,1.2049,3.2186,2.5302,0.8576,3.4932,4.8099,0.7011,0.1963,0.6653,0.2811,4.9487,5.9301,0.6540,1.3224,0.0587,3.8520,0.3684,0.2418,0.2160,0.5006,2.9977,1.0455,0.0421,0.0457,0.4629,0.1354,0.3176,0.1467,4.4256,273.5839,6.1731,0.2880
41,2022-03-02,1.2140,3.2375,2.5304,0.8641,3.5068,4.8551,0.7059,0.1928,0.6653,0.2838,4.9490,5.9383,0.6535,1.2947,0.0589,3.8684,0.3697,0.2415,0.2151,0.4996,3.0145,1.0252,0.0421,0.0416,0.4585,0.1363,0.3171,0.1467,4.4590,276.1233,6.2002,0.2885
42,2022-03-03,1.2152,3.2599,2.5303,0.8752,3.5339,4.8535,0.7063,0.1929,0.6652,0.2834,4.9489,5.9740,0.6540,1.3059,0.0588,3.8567,0.3696,0.2430,0.2159,0.5015,3.0261,1.0320,0.0421,0.0381,0.4597,0.1369,0.3157,0.1467,4.4635,277.3436,6.2049,0.2921
43,2022-03-04,1.2247,3.3110,2.5304,0.8939,3.5347,4.8979,0.7122,0.1931,0.6653,0.2859,4.9491,5.9873,0.6548,1.2938,0.0591,3.8983,0.3697,0.2435,0.2161,0.5035,3.0773,1.0209,0.0421,0.0393,0.4592,0.1377,0.3159,0.1467,4.4984,281.5126,6.2373,0.2934
44,2022-03-07,1.2446,3.3850,2.5304,0.9030,3.5950,4.9399,0.7233,0.1914,0.6652,0.2910,4.9490,6.0112,0.6547,1.2444,0.0593,3.9722,0.3709,0.2460,0.2162,0.5059,3.1450,0.9929,0.0421,0.0331,0.4543,0.1386,0.3181,0.1467,4.5714,293.9846,6.3020,0.2971
45,2022-03-08,1.2386,3.3180,2.5305,0.8899,3.5440,4.9029,0.7201,0.1939,0.6649,0.2896,4.9492,5.9701,0.6537,1.2789,0.0591,3.9357,0.3686,0.2460,0.2130,0.5056,3.1099,1.0129,0.0421,0.0327,0.4567,0.1370,0.3138,0.1467,4.5493,293.4849,6.2780,0.2964
46,2022-03-09,1.2270,3.3042,2.5304,0.8906,3.5175,4.8584,0.7137,0.1955,0.6649,0.2869,4.9490,5.9369,0.6542,1.2947,0.0588,3.8895,0.3669,0.2483,0.2127,0.5051,3.0870,1.0248,0.0421,0.0329,0.4593,0.1365,0.3084,0.1467,4.5069,291.8087,6.2382,0.2969
47,2022-03-10,1.2213,3.2898,2.5303,0.8949,3.4974,4.8406,0.7094,0.1956,0.6651,0.2855,4.9488,5.9016,0.6541,1.2978,0.0587,3.8664,0.3653,0.2457,0.2138,0.5005,3.0725,1.0262,0.0421,0.0389,0.4609,0.1354,0.3031,0.1467,4.4859,287.7500,6.2160,0.2964
48,2022-03-11,1.2272,3.2961,2.5303,0.8994,3.5305,4.8445,0.7114,0.1964,0.6651,0.2873,4.9489,5.8968,0.6537,1.2961,0.0589,3.8562,0.3649,0.2440,0.2147,0.5056,3.0829,1.0320,0.0421,0.0374,0.4649,0.1353,0.3016,0.1467,4.5076,288.6564,6.2291,0.2988
49,2022-03-14,1.2292,3.2699,2.5304,0.8897,3.5412,4.8288,0.7094,0.1987,0.6652,0.2867,4.9490,5.8843,0.6533,1.3138,0.0590,3.8258,0.3647,0.2446,0.2170,0.5033,3.0675,1.0449,0.0421,0.0379,0.4686,0.1352,0.3059,0.1467,4.5151,284.7186,6.2267,0.2997
50,2022-03-15,1.2252,3.2380,2.5302,0.8784,3.5019,4.7936,0.7059,0.1992,0.6650,0.2857,4.9487,5.8651,0.6533,1.3275,0.0587,3.8133,0.3613,0.2458,0.2157,0.4989,3.0387,1.0440,0.0421,0.0401,0.4697,0.1342,0.3039,0.1467,4.5000,279.0007,6.2111,0.2973
51,2022-03-16,1.2249,3.2578,2.5296,0.8712,3.5387,4.7833,0.7083,0.2001,0.6649,0.2864,4.9476,5.8760,0.6534,1.3321,0.0590,3.8031,0.3644,0.2446,0.2169,0.5040,3.0557,1.0527,0.0420,0.0452,0.4738,0.1349,0.3067,0.1528,4.4992,278.0574,6.2125,0.2998
52,2022-03-17,1.2200,3.2867,2.5289,0.8825,3.5374,4.7662,0.7055,0.2003,0.6645,0.2852,4.9461,5.9040,0.6531,1.3303,0.0591,3.7782,0.3696,0.2437,0.2175,0.5047,3.0688,1.0539,0.0420,0.0427,0.4741,0.1346,0.3050,0.1513,4.4810,279.9497,6.1978,0.3002
53,2022-03-18,1.2208,3.3074,2.5299,0.8896,3.5567,4.7921,0.7047,0.1994,0.6648,0.2852,4.9481,5.8864,0.6539,1.3251,0.0589,3.7650,0.3693,0.2429,0.2187,0.5083,3.0849,1.0488,0.0421,0.0437,0.4737,0.1344,0.3029,0.1504,4.4840,278.5954,6.1964,0.2990
54,2022-03-21,1.2191,3.3050,2.5295,0.8912,3.5494,4.8143,0.7045,0.2005,0.6649,0.2518,4.9474,5.8828,0.6533,1.3203,0.0588,3.7564,0.3686,0.2434,0.2198,0.5123,3.0847,1.0545,0.0420,0.0430,0.4748,0.1336,0.3022,0.1518,4.4777,277.2206,6.1909,0.2993
55,2022-03-22,1.2241,3.3397,2.5284,0.9108,3.5722,4.8056,0.7065,0.2000,0.6647,0.2430,4.9452,5.9355,0.6529,1.3267,0.0590,3.7179,0.3691,0.2431,0.2197,0.5138,3.1201,1.0525,0.0420,0.0425,0.4745,0.1342,0.3034,0.1523,4.4960,278.7914,6.2027,0.3022
56,2022-03-23,1.2240,3.3594,2.5288,0.9155,3.5718,4.8072,0.7056,0.2014,0.6650,0.2430,4.9459,5.9435,0.6531,1.3304,0.0589,3.7150,0.3696,0.2439,0.2221,0.5136,3.1284,1.0509,0.0420,0.0433,0.4765,0.1339,0.3032,0.1521,4.4959,279.4709,6.2023,0.3041
57,2022-03-24,1.2265,3.3740,2.5304,0.9335,3.5843,4.8337,0.7070,0.2005,0.6652,0.2458,4.9490,5.9419,0.6533,1.3209,0.0590,3.7041,0.3684,0.2447,0.2230,0.5214,3.1310,1.0433,0.0420,0.0467,0.4785,0.1341,0.3033,0.1526,4.5050,281.7225,6.2089,0.3052
58,2022-03-25,1.2241,3.3787,2.5303,0.9314,3.5880,4.8514,0.7066,0.2007,0.6651,0.2430,4.9489,5.9268,0.6532,1.3200,0.0590,3.6943,0.3681,0.2449,0.2244,0.5184,3.1333,1.0432,0.0420,0.0457,0.4786,0.1340,0.3031,0.1523,4.4961,282.0175,6.2008,0.3092
59,2022-03-28,1.2265,3.3903,2.5300,0.9498,3.6094,4.8170,0.7073,0.2006,0.6650,0.2455,4.9483,5.9183,0.6534,1.3225,0.0591,3.6254,0.3683,0.2449,0.2249,0.5225,3.1247,1.0447,0.0420,0.0461,0.4756,0.1334,0.3034,0.1526,4.5050,279.5826,6.1975,0.3098
60,2022-03-29,1.2196,3.3623,2.5296,0.9401,3.5889,4.7890,0.7034,0.2016,0.6653,0.2448,4.9475,5.8661,0.6522,1.3307,0.0589,3.6208,0.3678,0.2455,0.2235,0.5190,3.0890,1.0555,0.0420,0.0501,0.4776,0.1330,0.3020,0.1517,4.4802,275.4232,6.1738,0.3065
61,2022-03-30,1.2080,3.3306,2.5293,0.9326,3.5543,4.7924,0.6986,0.2024,0.6652,0.2432,4.9470,5.8330,0.6535,1.3484,0.0585,3.6414,0.3669,0.2443,0.2229,0.5127,3.0931,1.0638,0.0420,0.0526,0.4786,0.1332,0.3026,0.1509,4.4372,273.8176,6.1432,0.3067
62,2022-03-31,1.2117,3.3307,2.5291,0.9329,3.5514,4.8196,0.7018,0.2023,0.6650,0.2433,4.9466,5.8374,0.6531,1.3370,0.0588,3.6479,0.3670,0.2426,0.2240,0.5101,3.0854,1.0627,0.0420,0.0546,0.4783,0.1338,0.3034,0.1507,4.4508,275.4789,6.1553,0.3068
63,2022-04-01,1.2187,3.3646,2.5285,0.9445,3.5853,4.8439,0.7038,0.2026,0.6648,0.2449,4.9454,5.8762,0.6528,1.3455,0.0589,3.6562,0.3678,0.2431,0.2256,0.5106,3.1026,1.0648,0.0420,0.0541,0.4782,0.1337,0.3048,0.1510,4.4763,278.4974,6.1762,0.3073
64,2022-04-04,1.2218,3.3719,2.5276,0.9633,3.5901,4.8389,0.7052,0.2032,0.6646,0.2458,4.9437,5.8850,0.6548,1.3404,0.0594,3.6597,0.3694,0.2436,0.2263,0.5136,3.1082,1.0665,0.0420,0.0530,0.4767,0.1339,0.3050,0.1509,4.4875,278.1553,6.1847,0.3068
65,2022-04-05,1.2257,3.4366,2.5273,0.9797,3.6139,4.8674,0.7075,0.2030,0.6646,0.2470,4.9431,5.9149,0.6555,1.3341,0.0597,3.6666,0.3712,0.2451,0.2274,0.5168,3.1538,1.0679,0.0420,0.0537,0.4798,0.1347,0.3059,0.1531,4.5019,279.4986,6.1984,0.3097
66,2022-04-06,1.2334,3.4354,2.5282,0.9738,3.6261,4.8561,0.7121,0.2023,0.6648,0.2474,4.9447,5.9339,0.6552,1.3038,0.0598,3.6580,0.3723,0.2456,0.2263,0.5173,3.1550,1.0631,0.0420,0.0539,0.4810,0.1350,0.3073,0.1541,4.5304,281.0938,6.2210,0.3095
67,2022-04-07,1.2354,3.3948,2.5271,0.9621,3.6116,4.8617,0.7131,0.2016,0.6645,0.2472,4.9426,5.9371,0.6547,1.2967,0.0597,3.6681,0.3721,0.2468,0.2256,0.5155,3.1324,1.0622,0.0420,0.0574,0.4795,0.1354,0.3077,0.1543,4.5378,281.2279,6.2271,0.3089
68,2022-04-08,1.2375,3.3908,2.5268,0.9563,3.6095,4.8600,0.7144,0.2017,0.6645,0.2478,4.9419,5.9298,0.6538,1.3091,0.0599,3.6634,0.3705,0.2470,0.2257,0.5177,3.1149,1.0647,0.0420,0.0574,0.4798,0.1352,0.3081,0.1546,4.5455,282.3543,6.2314,0.3084
69,2022-04-11,1.2314,3.3686,2.5262,0.9631,3.5952,4.8445,0.7102,0.2021,0.6643,0.2459,4.9409,5.9017,0.6546,1.3050,0.0595,3.6078,0.3667,0.2467,0.2267,0.5181,3.0949,1.0628,0.0420,0.0558,0.4793,0.1347,0.3069,0.1538,4.5230,284.8316,6.2045,0.3096
70,2022-04-12,1.2378,3.3799,2.5264,0.9683,3.5922,4.8737,0.7138,0.2022,0.6643,0.2450,4.9412,5.9126,0.6544,1.3070,0.0597,3.6197,0.3693,0.2459,0.2290,0.5151,3.1068,1.0628,0.0420,0.0544,0.4788,0.1352,0.3096,0.1540,4.5466,285.3875,6.2243,0.3122
71,2022-04-13,1.2421,3.3875,2.5264,0.9759,3.6074,4.8883,0.7164,0.2021,0.6643,0.2464,4.9413,5.9334,0.6541,1.3061,0.0599,3.6179,0.3715,0.2469,0.2311,0.5176,3.0933,1.0640,0.0420,0.0552,0.4783,0.1363,0.3128,0.1552,4.5622,290.0147,6.2377,0.3151
72,2022-04-14,1.2335,3.3739,2.5280,0.9657,3.6110,4.8471,0.7109,0.2024,0.6647,0.2462,4.9443,5.9520,0.6541,1.3140,0.0595,3.6137,0.3696,0.2475,0.2289,0.5176,3.0882,1.0654,0.0420,0.0547,0.4800,0.1345,0.3099,0.1541,4.5307,286.9177,6.2161,0.3093
73,2022-04-15,1.2442,3.3861,2.5274,0.9718,3.6274,4.8508,0.7171,0.2022,0.6645,0.2484,4.9432,5.9719,0.6540,1.3149,0.0599,3.6133,0.3718,0.2456,0.2288,0.5213,3.0970,1.0670,0.0420,0.0563,0.4791,0.1359,0.3124,0.1554,4.5703,290.0444,6.2469,0.3120
74,2022-04-18,1.2466,3.3730,2.5266,0.9748,3.6219,4.8526,0.7191,0.2022,0.6644,0.2487,4.9416,5.9584,0.6538,1.3172,0.0600,3.6166,0.3707,0.2477,0.2293,0.5187,3.0832,1.0694,0.0420,0.0566,0.4782,0.1360,0.3123,0.1551,4.5789,293.5093,6.2524,0.3125
75,2022-04-19,1.2456,3.3741,2.5265,0.9831,3.6323,4.8347,0.7171,0.2023,0.6643,0.2477,4.9415,5.9615,0.6538,1.3222,0.0598,3.5636,0.3694,0.2478,0.2309,0.5176,3.0862,1.0649,0.0420,0.0575,0.4783,0.1356,0.3121,0.1550,4.5750,290.6460,6.2420,0.3093
76,2022-04-20,1.2386,3.3826,2.5269,0.9750,3.6261,4.8003,0.7098,0.2024,0.6643,0.2464,4.9422,5.9302,0.6535,1.3309,0.0597,3.5536,0.3682,0.2477,0.2280,0.5186,3.0870,1.0669,0.0420,0.0561,0.4818,0.1348,0.3102,0.1548,4.5496,284.9153,6.2161,0.3039
77,2022-04-21,1.2339,3.3737,2.5279,0.9805,3.6336,4.7790,0.7030,0.2027,0.6645,0.2439,4.9441,5.9197,0.6538,1.3301,0.0595,3.5393,0.3667,0.2461,0.2260,0.5159,3.0769,1.0634,0.0420,0.0570,0.4815,0.1339,0.3087,0.1541,4.5321,283.5402,6.1972,0.2977
78,2022-04-26,1.2596,3.3377,2.5287,0.9485,3.6329,4.8263,0.7067,0.2025,0.6648,0.2494,4.9457,5.8863,0.6540,1.3177,0.0604,3.6195,0.3689,0.2476,0.2286,0.5037,3.0701,1.0644,0.0420,0.0623,0.4761,0.1352,0.3128,0.1573,4.6265,283.2758,6.2633,0.2952
79,2022-04-27,1.2687,3.3321,2.5295,0.9322,3.6297,4.8359,0.7109,0.2018,0.6649,0.2515,4.9474,5.8688,0.6541,1.3029,0.0609,3.6440,0.3683,0.2506,0.2288,0.5041,3.0620,1.0508,0.0421,0.0629,0.4743,0.1358,0.3145,0.1585,4.6601,284.3458,6.2893,0.2933
80,2022-04-28,1.2797,3.3475,2.5296,0.9467,3.6644,4.8422,0.7108,0.2019,0.6648,0.2538,4.9475,5.8871,0.6540,1.3118,0.0615,3.5991,0.3693,0.2525,0.2305,0.5025,3.0577,1.0551,0.0420,0.0645,0.4807,0.1364,0.3175,0.1554,4.7005,285.7402,6.3089,0.2961
81,2022-04-29,1.2734,3.3490,2.5298,0.9470,3.6702,4.8290,0.7096,0.2016,0.6649,0.2530,4.9480,5.8793,0.6538,1.3122,0.0612,3.5869,0.3716,0.2543,0.2308,0.5034,3.0529,1.0602,0.0420,0.0657,0.4790,0.1365,0.3154,0.1547,4.6774,287.9962,6.2922,0.2941
82,2022-05-02,1.2799,3.3228,2.5296,0.9454,3.6533,4.8314,0.7114,0.2007,0.6650,0.2544,4.9476,5.9101,0.6544,1.3062,0.0615,3.6187,0.3710,0.2543,0.2305,0.4985,3.0310,1.0572,0.0420,0.0661,0.4747,0.1367,0.3158,0.1599,4.7010,284.2468,6.3140,0.2967
83,2022-05-03,1.2817,3.3422,2.5293,0.9256,3.6585,4.8161,0.7124,0.2004,0.6650,0.2547,4.9469,5.8976,0.6546,1.2960,0.0614,3.6169,0.3716,0.2516,0.2306,0.4983,3.0250,1.0528,0.0420,0.0671,0.4768,0.1364,0.3164,0.1601,4.7077,281.2713,6.3175,0.2940
84,2022-05-04,1.2800,3.3448,2.5294,0.9480,3.6689,4.7958,0.7115,0.2007,0.6649,0.2544,4.9471,5.8789,0.6553,1.3064,0.0615,3.6146,0.3713,0.2525,0.2318,0.4995,3.0299,1.0570,0.0421,0.0704,0.4757,0.1369,0.3170,0.1599,4.7017,282.6498,6.3112,0.2970
85,2022-05-05,1.2717,3.3699,2.5302,0.9494,3.6644,4.7764,0.7060,0.2010,0.6650,0.2528,4.9486,5.8671,0.6563,1.3093,0.0613,3.6012,0.3711,0.2514,0.2327,0.5023,3.0426,1.0599,0.0421,0.0712,0.4785,0.1371,0.3144,0.1589,4.6711,284.7425,6.2857,0.2987
86,2022-05-06,1.2745,3.3218,2.5304,0.9308,3.6509,4.7529,0.7012,0.2016,0.6652,0.2533,4.9490,5.7768,0.6570,1.3008,0.0609,3.5870,0.3689,0.2494,0.2324,0.4955,3.0060,1.0529,0.0421,0.0706,0.4726,0.1362,0.3134,0.1548,4.6812,283.3375,6.2773,0.2920
87,2022-05-09,1.2799,3.2908,2.5293,0.9257,3.6344,4.7373,0.6990,0.1972,0.6650,0.2539,4.9469,5.7831,0.6569,1.2900,0.0607,3.5834,0.3680,0.2493,0.2329,0.4921,2.9841,1.0506,0.0420,0.0669,0.4701,0.1358,0.3135,0.1554,4.7013,281.7556,6.2862,0.2906
88,2022-05-10,1.2759,3.2687,2.5287,0.9078,3.6075,4.7082,0.6974,0.1982,0.6649,0.2536,4.9457,5.7757,0.6568,1.3067,0.0606,3.6001,0.3676,0.2487,0.2307,0.4835,2.9663,1.0565,0.0420,0.0678,0.4653,0.1357,0.3076,0.1549,4.6865,280.4772,6.2769,0.2915
89,2022-05-11,1.2759,3.2858,2.5298,0.9130,3.6149,4.7362,0.6973,0.1952,0.6652,0.2534,4.9479,5.7968,0.6564,1.3005,0.0607,3.6104,0.3681,0.2491,0.2309,0.4863,2.9736,1.0584,0.0421,0.0687,0.4699,0.1354,0.3060,0.1549,4.6866,278.9182,6.2808,0.2926
90,2022-05-12,1.2911,3.2597,2.5298,0.9230,3.6392,4.7627,0.6982,0.1967,0.6650,0.2584,4.9480,5.7790,0.6577,1.2937,0.0612,3.6825,0.3673,0.2485,0.2321,0.4806,2.9607,1.0569,0.0421,0.0726,0.4680,0.1365,0.3082,0.1606,4.7424,282.0529,6.3213,0.2922
91,2022-05-13,1.2971,3.2759,2.5287,0.9279,3.6608,4.7597,0.7014,0.1998,0.6647,0.2601,4.9458,5.8036,0.6574,1.2860,0.0615,3.6956,0.3713,0.2505,0.2358,0.4840,2.9696,1.0571,0.0421,0.0744,0.4708,0.1370,0.3084,0.1612,4.7643,279.3842,6.3400,0.2961
92,2022-05-16,1.2925,3.2786,2.5293,0.9380,3.6705,4.7246,0.6987,0.2001,0.6648,0.2591,4.9469,5.8072,0.6578,1.2845,0.0610,3.6704,0.3693,0.2510,0.2363,0.4843,2.9739,1.0597,0.0421,0.0738,0.4711,0.1363,0.3045,0.1608,4.7475,274.9970,6.3252,0.2917
93,2022-05-17,1.2863,3.3196,2.5297,0.9335,3.6853,4.7380,0.6999,0.2002,0.6649,0.2586,4.9477,5.8810,0.6578,1.2761,0.0609,3.6529,0.3714,0.2493,0.2362,0.4874,3.0037,1.0627,0.0421,0.0733,0.4745,0.1368,0.2976,0.1599,4.7247,277.4951,6.3176,0.2938
94,2022-05-18,1.2801,3.3004,2.5294,0.9520,3.6646,4.7195,0.6974,0.2004,0.6648,0.2570,4.9472,5.8347,0.6568,1.2882,0.0606,3.6397,0.3714,0.2472,0.2364,0.4842,2.9893,1.0645,0.0421,0.0725,0.4729,0.1359,0.2948,0.1593,4.7020,275.0113,6.2962,0.2952
95,2022-05-19,1.2834,3.2954,2.5295,0.9487,3.6722,4.8270,0.6970,0.2001,0.6648,0.2576,4.9474,5.8404,0.6562,1.2792,0.0607,3.6881,0.3685,0.2466,0.2358,0.4786,2.9898,1.0655,0.0421,0.0756,0.4706,0.1364,0.2952,0.1597,4.7141,276.8333,6.3092,0.2942
96,2022-05-20,1.2721,3.3027,2.5297,0.9475,3.6568,4.8048,0.7004,0.2006,0.6648,0.2556,4.9477,5.8325,0.6567,1.2864,0.0602,3.6467,0.3688,0.2453,0.2345,0.4818,2.9946,1.0667,0.0421,0.0776,0.4713,0.1364,0.2925,0.1582,4.6725,277.4633,6.2829,0.2947
97,2022-05-23,1.2611,3.2944,2.5294,0.9493,3.6225,4.7915,0.6964,0.2014,0.6649,0.2522,4.9472,5.8254,0.6566,1.2933,0.0598,3.6326,0.3670,0.2438,0.2360,0.4827,2.9998,1.0740,0.0421,0.0796,0.4711,0.1354,0.2909,0.1568,4.6322,277.6524,6.2529,0.2938
98,2022-05-24,1.2570,3.2651,2.5287,0.9588,3.6059,4.7889,0.6921,0.2008,0.6646,0.2498,4.9457,5.7676,0.6566,1.2868,0.0595,3.6243,0.3650,0.2418,0.2323,0.4792,2.9701,1.0722,0.0421,0.0821,0.4709,0.1352,0.2860,0.1570,4.6170,275.6983,6.2333,0.2932
99,2022-05-25,1.2602,3.2782,2.5266,0.9604,3.6059,4.8055,0.6935,0.2007,0.6642,0.2490,4.9417,5.7906,0.6561,1.2797,0.0597,3.6419,0.3658,0.2413,0.2331,0.4819,2.9947,1.0742,0.0420,0.0809,0.4693,0.1352,0.2836,0.1569,4.6288,276.5001,6.2440,0.2970
100,2022-05-26,1.2576,3.2762,2.5269,0.9575,3.6032,4.8107,0.6864,0.2005,0.6642,0.2481,4.9423,5.8196,0.6560,1.2609,0.0596,3.6448,0.3651,0.2425,0.2337,0.4831,2.9931,1.0733,0.0421,0.0741,0.4674,0.1350,0.2819,0.1572,4.6194,274.1764,6.2344,0.2926
101,2022-05-27,1.2550,3.2900,2.5272,0.9664,3.6187,4.8066,0.6867,0.2001,0.6644,0.2478,4.9429,5.8083,0.6559,1.2579,0.0594,3.6289,0.3680,0.2418,0.2337,0.4842,3.0051,1.0746,0.0420,0.0690,0.4679,0.1349,0.2812,0.1560,4.6098,275.5597,6.2265,0.2944
102,2022-05-30,1.2500,3.3015,2.5277,0.9704,3.6204,4.7958,0.6891,0.2001,0.6646,0.2466,4.9438,5.8074,0.6560,1.2604,0.0592,3.6076,0.3713,0.2424,0.2357,0.4870,3.0076,1.0797,0.0421,0.0720,0.4703,0.1347,0.2804,0.1555,4.5912,274.1984,6.2157,0.2963
103,2022-05-31,1.2534,3.3078,2.5273,0.9684,3.6318,4.8016,0.6915,0.2000,0.6644,0.2478,4.9430,5.8057,0.6554,1.2536,0.0593,3.5996,0.3718,0.2406,0.2351,0.4887,3.0011,1.0791,0.0421,0.0729,0.4702,0.1345,0.2802,0.1558,4.6037,273.8401,6.2243,0.2957
104,2022-06-02,1.2588,3.3247,2.5263,0.9599,3.6528,4.8152,0.6929,0.1998,0.6642,0.2482,4.9411,5.7991,0.6560,1.2514,0.0596,3.5633,0.3702,0.2423,0.2357,0.4882,3.0066,1.0780,0.0421,0.0741,0.4717,0.1346,0.2807,0.1566,4.6235,275.6325,6.2315,0.2978
105,2022-06-03,1.2523,3.3354,2.5271,0.9588,3.6610,4.7925,0.6906,0.2000,0.6644,0.2469,4.9427,5.7813,0.6564,1.2511,0.0592,3.5357,0.3691,0.2428,0.2355,0.4887,3.0100,1.0764,0.0421,0.0734,0.4733,0.1344,0.2787,0.1565,4.5996,275.7813,6.2109,0.2975
106,2022-06-06,1.2524,3.3220,2.5267,0.9631,3.6622,4.7877,0.6921,0.2000,0.6643,0.2469,4.9419,5.7780,0.6569,1.2694,0.0592,3.5200,0.3682,0.2418,0.2360,0.4896,3.0033,1.0771,0.0421,0.0752,0.4721,0.1340,0.2773,0.1558,4.6003,274.0723,6.2105,0.2993
107,2022-06-07,1.2594,3.3242,2.5271,0.9646,3.6723,4.7393,0.6935,0.1998,0.6644,0.2479,4.9426,5.7856,0.6562,1.2685,0.0595,3.4860,0.3680,0.2419,0.2369,0.4875,2.9857,1.0785,0.0421,0.0757,0.4707,0.1342,0.2761,0.1567,4.6260,274.7921,6.2237,0.3002
108,2022-06-08,1.2577,3.3201,2.5286,0.9483,3.6824,4.7274,0.6905,0.1998,0.6648,0.2471,4.9456,5.7918,0.6574,1.2687,0.0594,3.4540,0.3676,0.2436,0.2352,0.4873,2.9786,1.0809,0.0421,0.0760,0.4717,0.1339,0.2694,0.1565,4.6195,274.6345,6.2148,0.3002
109,2022-06-09,1.2562,3.3157,2.5285,0.9416,3.6729,4.7169,0.6917,0.2003,0.6648,0.2469,4.9454,5.7770,0.6576,1.2514,0.0593,3.4543,0.3677,0.2422,0.2362,0.4866,2.9762,1.0790,0.0421,0.0797,0.4710,0.1338,0.2679,0.1561,4.6139,274.1949,6.2115,0.3028
110,2022-06-10,1.2705,3.3226,2.5274,0.9514,3.6643,4.7554,0.6971,0.2001,0.6645,0.2494,4.9432,5.8114,0.6571,1.2420,0.0600,3.4831,0.3675,0.2423,0.2365,0.4875,2.9947,1.0746,0.0421,0.0803,0.4700,0.1343,0.2727,0.1579,4.6665,276.5061,6.2531,0.2994
111,2022-06-14,1.2888,3.2801,2.5278,0.9254,3.6636,4.7700,0.7030,0.1998,0.6644,0.2522,4.9439,5.7384,0.6574,1.2403,0.0607,3.5258,0.3673,0.2478,0.2306,0.4766,2.9621,1.0618,0.0421,0.0818,0.4656,0.1353,0.2743,0.1602,4.7337,277.5769,6.2974,0.2944
112,2022-06-15,1.2840,3.2716,2.5283,0.9216,3.6452,4.7299,0.7020,0.1999,0.6647,0.2514,4.9449,5.7005,0.6571,1.2417,0.0604,3.5085,0.3649,0.2480,0.2297,0.4747,2.9458,1.0581,0.0421,0.0827,0.4655,0.1346,0.2729,0.1596,4.7162,276.8945,6.2812,0.2949
113,2022-06-16,1.2922,3.3086,2.5280,0.9392,3.6675,4.8424,0.7069,0.1999,0.6646,0.2530,4.9443,5.7606,0.6570,1.2449,0.0608,3.5671,0.3665,0.2462,0.2314,0.4726,2.9745,1.0524,0.0421,0.0835,0.4619,0.1353,0.2741,0.1606,4.7464,279.2501,6.3155,0.2977
114,2022-06-17,1.2809,3.2901,2.5294,0.9309,3.6271,4.8722,0.7017,0.2003,0.6651,0.2511,4.9472,5.7805,0.6579,1.2409,0.0603,3.4927,0.3641,0.2478,0.2312,0.4732,2.9798,1.0534,0.0421,0.0831,0.4630,0.1335,0.2716,0.1593,4.7049,279.7742,6.2802,0.2958
115,2022-06-20,1.2780,3.2823,2.5282,0.9109,3.6140,4.8705,0.7019,0.1999,0.6647,0.2500,4.9448,5.7481,0.6576,1.2359,0.0602,3.4821,0.3632,0.2442,0.2316,0.4749,2.9842,1.0610,0.0421,0.0837,0.4633,0.1330,0.2709,0.1588,4.6937,277.7832,6.2687,0.2932
116,2022-06-21,1.2740,3.2624,2.5296,0.9018,3.6218,4.8465,0.6989,0.2004,0.6650,0.2494,4.9475,5.7576,0.6580,1.2474,0.0600,3.4579,0.3622,0.2441,0.2323,0.4778,2.9733,1.0656,0.0421,0.0854,0.4658,0.1326,0.2698,0.1585,4.6794,276.4961,6.2565,0.2937
117,2022-06-22,1.2807,3.2442,2.5293,0.9178,3.6237,4.8726,0.7006,0.2004,0.6650,0.2506,4.9469,5.7556,0.6579,1.2509,0.0601,3.4618,0.3608,0.2441,0.2336,0.4723,2.9424,1.0624,0.0421,0.0885,0.4633,0.1325,0.2711,0.1593,4.7042,276.4848,6.2727,0.2941
118,2022-06-23,1.2814,3.2417,2.5290,0.9060,3.6268,4.8702,0.7013,0.1999,0.6650,0.2508,4.9464,5.7466,0.6578,1.2374,0.0601,3.4768,0.3607,0.2447,0.2341,0.4720,2.9437,1.0496,0.0421,0.0875,0.4622,0.1326,0.2712,0.1601,4.7068,277.1701,6.2757,0.2939
119,2022-06-24,1.2770,3.2437,2.5294,0.8953,3.6188,4.8974,0.7005,0.1999,0.6650,0.2498,4.9471,5.7699,0.6569,1.2342,0.0599,3.4738,0.3624,0.2447,0.2349,0.4739,2.9599,1.0508,0.0421,0.0873,0.4630,0.1322,0.2700,0.1589,4.6905,275.6173,6.2674,0.2941
120,2022-06-27,1.2722,3.2361,2.5288,0.8913,3.6262,4.8803,0.6987,0.1999,0.6646,0.2488,4.9459,5.7464,0.6570,1.2261,0.0596,3.4601,0.3642,0.2442,0.2360,0.4751,2.9506,1.0522,0.0421,0.0868,0.4635,0.1324,0.2794,0.1589,4.6730,276.3002,6.2512,0.2940
121,2022-06-28,1.2718,3.2446,2.5287,0.8917,3.6404,4.8931,0.6987,0.2000,0.6647,0.2489,4.9457,5.7258,0.6568,1.2354,0.0593,3.4368,0.3631,0.2433,0.2345,0.4778,2.9381,1.0527,0.0421,0.0868,0.4647,0.1331,0.2807,0.1589,4.6715,274.0955,6.2458,0.2938
122,2022-06-29,1.2797,3.2317,2.5273,0.8923,3.6495,4.9319,0.7018,0.1998,0.6644,0.2496,4.9430,5.7237,0.6562,1.2478,0.0595,3.4468,0.3620,0.2440,0.2332,0.4789,2.9230,1.0556,0.0421,0.0907,0.4625,0.1336,0.2816,0.1592,4.7005,274.3717,6.2655,0.2915
123,2022-06-30,1.2911,3.2654,2.5285,0.9151,3.6729,4.9466,0.7083,0.1999,0.6648,0.2523,4.9454,5.7525,0.6567,1.2451,0.0600,3.4792,0.3652,0.2459,0.2347,0.4783,2.9519,1.0552,0.0421,0.0870,0.4617,0.1342,0.2842,0.1613,4.7424,276.3032,6.3041,0.2916
124,2022-07-01,1.2874,3.2198,2.5289,0.9000,3.6612,4.9311,0.7059,0.1999,0.6650,0.2515,4.9461,5.7088,0.6566,1.2398,0.0598,3.4869,0.3647,0.2489,0.2340,0.4769,2.9206,1.0485,0.0421,0.0868,0.4595,0.1327,0.2824,0.1600,4.7286,273.0029,6.2911,0.2893
125,2022-07-04,1.2890,3.2560,2.5282,0.8882,3.6859,4.9342,0.7077,0.1999,0.6647,0.2512,4.9448,5.7408,0.6566,1.2354,0.0600,3.4944,0.3651,0.2474,0.2341,0.4787,2.9589,1.0520,0.0421,0.0846,0.4592,0.1327,0.2814,0.1602,4.7348,274.8111,6.2995,0.2901
126,2022-07-05,1.3092,3.2642,2.5283,0.9022,3.7184,4.9770,0.7171,0.1998,0.6647,0.2545,4.9449,5.7845,0.6569,1.2170,0.0607,3.5413,0.3666,0.2473,0.2353,0.4802,2.9593,1.0413,0.0421,0.0782,0.4577,0.1342,0.2832,0.1628,4.8088,278.6640,6.3617,0.2923
127,2022-07-06,1.3162,3.2863,2.5285,0.8974,3.7087,4.9860,0.7211,0.1997,0.6647,0.2561,4.9454,5.7743,0.6572,1.2073,0.0610,3.5733,0.3697,0.2509,0.2339,0.4792,2.9841,1.0330,0.0421,0.0753,0.4596,0.1340,0.2807,0.1638,4.8344,274.3444,6.3837,0.2893
128,2022-07-07,1.3193,3.3154,2.5284,0.8924,3.7275,4.9872,0.7230,0.1996,0.6646,0.2564,4.9451,5.8116,0.6577,1.2015,0.0612,3.5620,0.3729,0.2530,0.2359,0.4803,2.9980,1.0324,0.0421,0.0755,0.4610,0.1341,0.2803,0.1640,4.8462,271.8570,6.3945,0.2892
129,2022-07-08,1.3301,3.3297,2.5278,0.9149,3.7566,4.9986,0.7286,0.1999,0.6643,0.2590,4.9439,5.8356,0.6575,1.2151,0.0617,3.5952,0.3754,0.2525,0.2380,0.4813,3.0080,1.0306,0.0421,0.0776,0.4616,0.1356,0.2821,0.1653,4.8858,272.7980,6.4287,0.2892
130,2022-07-11,1.3319,3.3225,2.5273,0.9309,3.7621,4.9831,0.7294,0.2010,0.6642,0.2594,4.9430,5.8435,0.6574,1.2089,0.0616,3.5709,0.3746,0.2535,0.2384,0.4788,3.0086,1.0310,0.0421,0.0779,0.4621,0.1352,0.2818,0.1657,4.8926,272.9899,6.4310,0.2881
131,2022-07-12,1.3448,3.3190,2.5263,0.9184,3.7883,5.0128,0.7343,0.2008,0.6642,0.2616,4.9411,5.8385,0.6573,1.1944,0.0621,3.6035,0.3767,0.2537,0.2362,0.4813,3.0159,1.0212,0.0421,0.0814,0.4638,0.1359,0.2840,0.1671,4.9391,275.4410,6.4655,0.2878
132,2022-07-13,1.3401,3.3387,2.5265,0.9052,3.7838,5.0307,0.7322,0.2027,0.6640,0.2608,4.9414,5.8561,0.6571,1.2031,0.0618,3.5901,0.3775,0.2558,0.2363,0.4816,3.0207,1.0229,0.0421,0.0833,0.4654,0.1361,0.2824,0.1666,4.9222,273.5752,6.4536,0.2899
133,2022-07-14,1.3409,3.3239,2.5267,0.9132,3.7656,5.0082,0.7306,0.2025,0.6640,0.2609,4.9418,5.8417,0.6581,1.2065,0.0617,3.5487,0.3747,0.2544,0.2363,0.4823,3.0071,1.0237,0.0421,0.0828,0.4662,0.1349,0.2815,0.1668,4.9251,271.7948,6.4477,0.2881
134,2022-07-15,1.3393,3.3172,2.5262,0.9069,3.7577,5.0204,0.7280,0.2016,0.6639,0.2605,4.9408,5.8216,0.6572,1.2236,0.0616,3.5434,0.3713,0.2553,0.2365,0.4810,3.0164,1.0282,0.0421,0.0834,0.4659,0.1344,0.2814,0.1665,4.9192,269.3213,6.4389,0.2859
135,2022-07-18,1.3245,3.3259,2.5252,0.8994,3.7496,4.9907,0.7224,0.2015,0.6636,0.2575,4.9390,5.8264,0.6574,1.2255,0.0608,3.5204,0.3704,0.2544,0.2391,0.4810,3.0054,1.0329,0.0421,0.0846,0.4678,0.1328,0.2779,0.1648,4.8651,269.5312,6.3987,0.2852
136,2022-07-19,1.3122,3.3239,2.5255,0.8862,3.7260,4.9741,0.7150,0.2014,0.6635,0.2543,4.9395,5.7952,0.6578,1.2425,0.0603,3.5018,0.3679,0.2518,0.2368,0.4846,3.0039,1.0365,0.0421,0.0863,0.4700,0.1317,0.2744,0.1631,4.8195,265.7050,6.3598,0.2836
137,2022-07-20,1.3129,3.3374,2.5257,0.8907,3.7493,4.9775,0.7143,0.2018,0.6637,0.2547,4.9399,5.7956,0.6576,1.2439,0.0603,3.4911,0.3681,0.2493,0.2356,0.4868,3.0177,1.0369,0.0421,0.0873,0.4721,0.1315,0.2743,0.1633,4.8222,265.5010,6.3596,0.2826
138,2022-07-21,1.3208,3.3326,2.5253,0.8866,3.7561,4.9928,0.7167,0.2012,0.6635,0.2565,4.9391,5.7950,0.6573,1.2291,0.0607,3.4970,0.3696,0.2508,0.2362,0.4854,3.0061,1.0364,0.0421,0.0830,0.4739,0.1314,0.2745,0.1321,4.8513,263.0197,6.3793,0.2819
139,2022-07-22,1.3222,3.3610,2.5219,0.8831,3.7748,5.0231,0.7179,0.2007,0.6625,0.2567,4.9324,5.8059,0.6555,1.2382,0.0608,3.5360,0.3699,0.2508,0.2354,0.4859,3.0309,1.0334,0.0420,0.0837,0.4735,0.1323,0.2735,0.1322,4.8564,269.1964,6.3865,0.2861
140,2022-07-25,1.3104,3.3461,2.5212,0.8754,3.7400,4.9992,0.7136,0.2012,0.6624,0.2539,4.9310,5.8025,0.6558,1.2475,0.0604,3.5325,0.3676,0.2511,0.2351,0.4879,3.0165,1.0450,0.0420,0.0822,0.4743,0.1314,0.2698,0.1310,4.8133,267.8834,6.3559,0.2878
141,2022-07-26,1.3194,3.3658,2.5221,0.9045,3.7671,5.0179,0.7168,0.2005,0.6626,0.2559,4.9328,5.8204,0.6560,1.2304,0.0607,3.5479,0.3701,0.2495,0.2369,0.4919,3.0221,1.0428,0.0420,0.0824,0.4726,0.1320,0.2712,0.1316,4.8461,267.9638,6.3822,0.2892
142,2022-07-27,1.3237,3.3794,2.5225,0.9085,3.7828,5.0584,0.7201,0.2007,0.6628,0.2564,4.9337,5.8714,0.6566,1.2205,0.0608,3.5586,0.3699,0.2515,0.2384,0.4953,3.0340,1.0319,0.0420,0.0799,0.4721,0.1323,0.2719,0.1321,4.8620,269.3475,6.4008,0.2886
143,2022-07-28,1.3207,3.3910,2.5234,0.9250,3.7866,5.0595,0.7190,0.2007,0.6630,0.2560,4.9353,5.8915,0.6565,1.2115,0.0608,3.5847,0.3724,0.2517,0.2380,0.4986,3.0473,1.0303,0.0420,0.0795,0.4732,0.1325,0.2707,0.1316,4.8509,271.9950,6.3987,0.2895
144,2022-07-29,1.3180,3.3800,2.5233,0.9338,3.7723,5.0783,0.7188,0.2006,0.6629,0.2559,4.9351,5.8793,0.6565,1.2262,0.0610,3.6286,0.3714,0.2520,0.2384,0.4979,3.0453,1.0441,0.0421,0.0778,0.4750,0.1333,0.2701,0.1313,4.8412,273.8420,6.3969,0.2928
145,2022-08-01,1.3074,3.3787,2.5200,0.9277,3.7594,5.0605,0.7110,0.2001,0.6621,0.2533,4.9287,5.8843,0.6555,1.2266,0.0608,3.6382,0.3688,0.2491,0.2369,0.4971,3.0401,1.0384,0.0420,0.0760,0.4739,0.1333,0.2676,0.1300,4.8019,273.3625,6.3654,0.2918
146,2022-08-02,1.3101,3.3310,2.5187,0.9280,3.7398,5.0580,0.7121,0.1999,0.6617,0.2527,4.9262,5.8778,0.6554,1.2383,0.0612,3.6767,0.3679,0.2485,0.2352,0.4961,3.0243,1.0459,0.0420,0.0792,0.4749,0.1332,0.2680,0.1305,4.8122,274.6001,6.3762,0.2907
147,2022-08-03,1.3163,3.3523,2.5182,0.9158,3.7601,5.0393,0.7160,0.1998,0.6617,0.2534,4.9252,5.8843,0.6552,1.2445,0.0611,3.6320,0.3689,0.2492,0.2343,0.4976,3.0237,1.0490,0.0420,0.0798,0.4732,0.1333,0.2693,0.1312,4.8348,274.4708,6.3877,0.2891
148,2022-08-04,1.3157,3.3715,2.5188,0.9146,3.7653,5.0389,0.7153,0.1998,0.6619,0.2529,4.9263,5.8832,0.6556,1.2437,0.0607,3.6033,0.3688,0.2500,0.2368,0.4978,3.0502,1.0434,0.0420,0.0793,0.4750,0.1340,0.2690,0.1311,4.8325,276.3701,6.3822,0.2885
149,2022-08-05,1.3116,3.3478,2.5188,0.9242,3.7386,5.0450,0.7138,0.2003,0.6620,0.2518,4.9264,5.8439,0.6555,1.2481,0.0608,3.6196,0.3711,0.2503,0.2369,0.4934,3.0300,1.0463,0.0420,0.0794,0.4750,0.1354,0.2680,0.1307,4.8175,276.7076,6.3707,0.2897
150,2022-08-08,1.3158,3.3658,2.5160,0.9357,3.7446,5.0392,0.7146,0.2007,0.6614,0.2523,4.9210,5.8375,0.6552,1.2522,0.0607,3.5786,0.3705,0.2491,0.2367,0.4941,3.0303,1.0469,0.0419,0.0796,0.4742,0.1353,0.2692,0.1315,4.8330,276.1646,6.3726,0.2892
151,2022-08-09,1.3042,3.3482,2.5079,0.9372,3.7290,5.0290,0.7095,0.2002,0.6592,0.2502,4.9050,5.8089,0.6530,1.2427,0.0602,3.5518,0.3672,0.2493,0.2370,0.4939,3.0182,1.0432,0.0418,0.0787,0.4723,0.1353,0.2667,0.1299,4.7905,275.5907,6.3305,0.2883
152,2022-08-10,1.3076,3.3499,2.5121,0.9371,3.7310,5.0576,0.7109,0.2012,0.6603,0.2508,4.9132,5.8083,0.6537,1.2315,0.0604,3.5598,0.3664,0.2490,0.2378,0.4963,3.0331,1.0441,0.0419,0.0793,0.4733,0.1351,0.2676,0.1303,4.8027,277.1595,6.3433,0.2911
153,2022-08-11,1.2931,3.3726,2.5099,0.9322,3.7215,5.0470,0.7046,0.2016,0.6598,0.2480,4.9090,5.8036,0.6528,1.2442,0.0596,3.5814,0.3649,0.2485,0.2375,0.4995,3.0491,1.0491,0.0418,0.0781,0.4738,0.1349,0.2645,0.1288,4.7494,273.2231,6.3064,0.2936
154,2022-08-12,1.2918,3.3761,2.5007,0.9197,3.7206,5.0380,0.7040,0.2009,0.6575,0.2478,4.8909,5.7696,0.6509,1.2438,0.0596,3.5548,0.3638,0.2455,0.2382,0.4990,3.0574,1.0448,0.0417,0.0774,0.4689,0.1341,0.2642,0.1287,4.7450,272.6466,6.2901,0.2925
155,2022-08-16,1.3116,3.3706,2.4967,0.9450,3.7331,5.0705,0.7099,0.1990,0.6566,0.2518,4.8831,5.7936,0.6505,1.2071,0.0607,3.5918,0.3673,0.2489,0.2422,0.4950,3.0456,1.0404,0.0416,0.0783,0.4633,0.1360,0.2681,0.1307,4.8176,275.0848,6.3426,0.2924
156,2022-08-17,1.3073,3.3448,2.4976,0.9332,3.7296,5.0503,0.7082,0.1989,0.6568,0.2507,4.8849,5.8119,0.6508,1.2026,0.0605,3.5619,0.3655,0.2507,0.2404,0.4951,3.0319,1.0403,0.0416,0.0795,0.4627,0.1356,0.2673,0.1302,4.8018,273.7366,6.3298,0.2901
157,2022-08-18,1.3070,3.3341,2.4947,0.9292,3.7222,5.0325,0.7068,0.1985,0.6560,0.2504,4.8793,5.7839,0.6498,1.2051,0.0602,3.5491,0.3629,0.2495,0.2401,0.4944,3.0116,1.0329,0.0416,0.0798,0.4608,0.1348,0.2674,0.1302,4.8008,272.7882,6.3214,0.2877
158,2022-08-19,1.3190,3.3441,2.4954,0.9374,3.7332,5.0668,0.7118,0.1982,0.6562,0.2530,4.8806,5.7514,0.6493,1.1967,0.0607,3.5460,0.3647,0.2495,0.2394,0.4953,3.0123,1.0264,0.0416,0.0813,0.4593,0.1358,0.2676,0.1314,4.8447,273.1331,6.3499,0.2855
159,2022-08-22,1.3290,3.3695,2.4978,0.9441,3.7578,5.0865,0.7138,0.1981,0.6569,0.2552,4.8853,5.7623,0.6504,1.2023,0.0611,3.5673,0.3630,0.2525,0.2412,0.4983,3.0250,1.0284,0.0416,0.0815,0.4577,0.1352,0.2693,0.1324,4.8814,272.2033,6.3787,0.2862
160,2022-08-23,1.3402,3.3850,2.4977,0.9544,3.7806,5.0926,0.7188,0.1982,0.6569,0.2569,4.8851,5.7956,0.6507,1.1934,0.0616,3.5825,0.3672,0.2533,0.2454,0.5023,3.0424,1.0230,0.0416,0.0817,0.4601,0.1363,0.2716,0.1334,4.9225,275.2202,6.4126,0.2889
161,2022-08-24,1.3362,3.3940,2.4960,0.9614,3.7830,5.1038,0.7150,0.1981,0.6563,0.2555,4.8818,5.7934,0.6499,1.1858,0.0615,3.5976,0.3658,0.2549,0.2461,0.5069,3.0414,1.0220,0.0416,0.0815,0.4609,0.1362,0.2705,0.1331,4.9078,276.0922,6.4006,0.2882
162,2022-08-25,1.3273,3.4051,2.4928,0.9538,3.7770,5.0690,0.7118,0.1977,0.6555,0.2540,4.8756,5.7737,0.6488,1.1940,0.0610,3.5742,0.3654,0.2539,0.2457,0.5066,3.0455,1.0251,0.0415,0.0811,0.4615,0.1361,0.2683,0.1322,4.8751,276.6099,6.3713,0.2900
163,2022-08-26,1.3269,3.3999,2.4917,0.9537,3.7672,5.0541,0.7101,0.1976,0.6552,0.2539,4.8734,5.7646,0.6487,1.1899,0.0610,3.5601,0.3656,0.2520,0.2446,0.5041,3.0261,1.0257,0.0415,0.0806,0.4602,0.1352,0.2681,0.1322,4.8739,274.1764,6.3651,0.2891
164,2022-08-29,1.3319,3.3551,2.4903,0.9666,3.7427,5.0576,0.7069,0.1980,0.6548,0.2547,4.8707,5.7141,0.6485,1.1881,0.0612,3.5283,0.3621,0.2513,0.2434,0.4994,2.9891,1.0256,0.0415,0.0802,0.4582,0.1341,0.2690,0.1327,4.8917,270.9012,6.3624,0.2887
165,2022-08-30,1.3204,3.3682,2.4875,0.9644,3.7346,4.9933,0.7028,0.1979,0.6541,0.2525,4.8652,5.6896,0.6478,1.1956,0.0610,3.5047,0.3605,0.2517,0.2435,0.4992,2.9983,1.0279,0.0414,0.0797,0.4564,0.1334,0.2668,0.1315,4.8497,270.2277,6.3266,0.2891
166,2022-08-31,1.3261,3.3385,2.4851,0.9507,3.7133,4.9747,0.7061,0.1981,0.6535,0.2533,4.8605,5.6662,0.6467,1.2016,0.0613,3.5095,0.3625,0.2514,0.2408,0.4899,2.9794,1.0282,0.0414,0.0800,0.4548,0.1335,0.2678,0.1320,4.8707,267.9984,6.3393,0.2857
167,2022-09-01,1.3170,3.3051,2.4810,0.9333,3.6735,4.9528,0.7012,0.1984,0.6525,0.2518,4.8525,5.6121,0.6454,1.2122,0.0608,3.4766,0.3571,0.2497,0.2396,0.4836,2.9545,1.0302,0.0413,0.0798,0.4524,0.1319,0.2658,0.1312,4.8375,265.4028,6.3029,0.2821
168,2022-09-02,1.3173,3.2942,2.4718,0.9229,3.6793,4.9353,0.7005,0.1977,0.6501,0.2516,4.8344,5.5947,0.6428,1.2112,0.0607,3.4477,0.3556,0.2491,0.2403,0.4827,2.9463,1.0272,0.0412,0.0795,0.4494,0.1318,0.2656,0.1310,4.8383,265.4060,6.2904,0.2793
169,2022-09-05,1.3226,3.2998,2.4652,0.9404,3.6942,4.9571,0.7008,0.1960,0.6483,0.2524,4.8215,5.5911,0.6409,1.1927,0.0608,3.4599,0.3546,0.2490,0.2429,0.4859,2.9615,1.0178,0.0411,0.0785,0.4492,0.1330,0.2667,0.1318,4.8579,267.7230,6.2987,0.2807
170,2022-09-06,1.3199,3.2865,2.4688,0.9404,3.6924,4.9487,0.6966,0.1966,0.6493,0.2518,4.8287,5.6243,0.6426,1.2000,0.0607,3.4240,0.3522,0.2507,0.2427,0.4871,2.9471,1.0251,0.0412,0.0791,0.4517,0.1327,0.2660,0.1315,4.8481,266.7799,6.2889,0.2823
171,2022-09-07,1.3349,3.2993,2.4838,0.9342,3.7230,4.9833,0.7029,0.1972,0.6533,0.2548,4.8580,5.6295,0.6468,1.2089,0.0614,3.4018,0.3536,0.2523,0.2440,0.4890,2.9579,1.0294,0.0414,0.0803,0.4544,0.1336,0.2690,0.1330,4.9031,268.9398,6.3360,0.2825
172,2022-09-08,1.3258,3.2759,2.4903,0.9279,3.7066,4.9958,0.6999,0.1983,0.6550,0.2521,4.8707,5.5972,0.6482,1.2243,0.0611,3.3843,0.3518,0.2536,0.2435,0.4855,2.9416,1.0310,0.0415,0.0801,0.4551,0.1337,0.2670,0.1321,4.8697,269.5036,6.3132,0.2803
173,2022-09-09,1.3212,3.3283,2.5020,0.9306,3.7351,5.0703,0.7010,0.1996,0.6581,0.2511,4.8936,5.6378,0.6508,1.2353,0.0610,3.4143,0.3526,0.2517,0.2441,0.4916,2.9750,1.0394,0.0417,0.0800,0.4602,0.1337,0.2660,0.1316,4.8528,269.4270,6.3206,0.2809
174,2022-09-12,1.3146,3.3199,2.5077,0.9380,3.7178,5.0509,0.6971,0.1997,0.6595,0.2494,4.9047,5.6386,0.6520,1.2405,0.0607,3.3838,0.3508,0.2510,0.2456,0.4921,2.9676,1.0440,0.0418,0.0795,0.4612,0.1328,0.2646,0.1310,4.8284,267.8139,6.3022,0.2825
175,2022-09-13,1.3184,3.3414,2.5163,0.9507,3.7333,5.0961,0.6985,0.2006,0.6618,0.2501,4.9216,5.6691,0.6540,1.2397,0.0612,3.4042,0.3521,0.2507,0.2445,0.4928,2.9760,1.0452,0.0419,0.0808,0.4641,0.1336,0.2654,0.1313,4.8424,269.0049,6.3235,0.2838
176,2022-09-14,1.3400,3.3160,2.5180,0.9482,3.7400,5.1211,0.7072,0.2007,0.6622,0.2542,4.9247,5.6857,0.6548,1.2260,0.0620,3.4368,0.3535,0.2501,0.2464,0.4886,2.9547,1.0433,0.0420,0.0824,0.4626,0.1345,0.2697,0.1335,4.9217,269.8354,6.3857,0.2828
177,2022-09-15,1.3419,3.3248,2.5186,0.9544,3.7444,5.1459,0.7063,0.2009,0.6624,0.2539,4.9259,5.6737,0.6547,1.2143,0.0619,3.4387,0.3533,0.2547,0.2470,0.4885,2.9610,1.0434,0.0420,0.0820,0.4617,0.1340,0.2699,0.1337,4.9289,267.6966,6.3887,0.2819
178,2022-09-16,1.3443,3.2973,2.5183,0.9410,3.7176,5.1260,0.7039,0.2010,0.6623,0.2542,4.9253,5.6206,0.6545,1.2160,0.0619,3.4447,0.3552,0.2547,0.2459,0.4816,2.9384,1.0434,0.0420,0.0819,0.4579,0.1334,0.2702,0.1339,4.9376,263.5065,6.3874,0.2796
179,2022-09-19,1.3440,3.2950,2.5169,0.9395,3.7052,5.1062,0.7034,0.2011,0.6619,0.2541,4.9226,5.6085,0.6545,1.2249,0.0619,3.4412,0.3539,0.2543,0.2453,0.4794,2.9341,1.0444,0.0420,0.0817,0.4557,0.1334,0.2699,0.1339,4.9364,264.0410,6.3837,0.2777
180,2022-09-20,1.3422,3.3000,2.5213,0.9531,3.7070,5.1035,0.7028,0.2010,0.6631,0.2539,4.9313,5.6261,0.6558,1.2357,0.0618,3.4302,0.3539,0.2545,0.2469,0.4798,2.9113,1.0457,0.0421,0.0820,0.4545,0.1332,0.2693,0.1337,4.9303,264.2017,6.3828,0.2781
181,2022-09-21,1.3549,3.3215,2.5276,0.9676,3.7239,5.1663,0.7065,0.2007,0.6648,0.2561,4.9436,5.6466,0.6574,1.2298,0.0622,3.4586,0.3574,0.2549,0.2490,0.4816,2.9338,1.0421,0.0421,0.0815,0.4528,0.1340,0.2717,0.1350,4.9764,267.8972,6.4235,0.2817
182,2022-09-22,1.3641,3.3240,2.5264,0.9687,3.7178,5.1334,0.7080,0.2003,0.6645,0.2573,4.9412,5.6620,0.6569,1.2213,0.0620,3.5071,0.3561,0.2569,0.2523,0.4839,2.9338,1.0372,0.0421,0.0828,0.4550,0.1340,0.2729,0.1359,5.0103,268.9491,6.4516,0.2842
183,2022-09-23,1.3796,3.3294,2.5276,0.9902,3.7421,5.1569,0.7116,0.2005,0.6648,0.2600,4.9437,5.6284,0.6572,1.2178,0.0626,3.5391,0.3590,0.2578,0.2526,0.4825,2.9316,1.0411,0.0421,0.0862,0.4529,0.1352,0.2754,0.1375,5.0679,269.8092,6.4913,0.2839
184,2022-09-26,1.3922,3.3255,2.5271,0.9721,3.7514,5.1775,0.7139,0.2006,0.6647,0.2626,4.9427,5.4791,0.6568,1.2149,0.0626,3.5498,0.3574,0.2606,0.2525,0.4776,2.9242,1.0384,0.0421,0.0880,0.4519,0.1352,0.2772,0.1387,5.1135,270.2027,6.5093,0.2831
185,2022-09-27,1.3988,3.3312,2.5276,0.9530,3.7496,5.1954,0.7167,0.2005,0.6648,0.2636,4.9437,5.5513,0.6567,1.2118,0.0630,3.5573,0.3611,0.2631,0.2524,0.4776,2.9276,1.0375,0.0421,0.0875,0.4547,0.1353,0.2781,0.1394,5.1379,269.8751,6.5337,0.2858
186,2022-09-28,1.4101,3.3069,2.5298,0.9628,3.7520,5.2155,0.7150,0.2005,0.6653,0.2655,4.9479,5.5370,0.6570,1.1997,0.0632,3.5788,0.3593,0.2630,0.2523,0.4722,2.9000,1.0277,0.0422,0.0879,0.4522,0.1351,0.2797,0.1405,5.1794,269.2661,6.5590,0.2853
187,2022-09-29,1.3893,3.3041,2.5302,0.9491,3.7268,5.2060,0.7124,0.2005,0.6654,0.2615,4.9486,5.5502,0.6574,1.1846,0.0624,3.5270,0.3559,0.2644,0.2534,0.4732,2.9041,1.0204,0.0422,0.0882,0.4517,0.1341,0.2754,0.1384,5.1027,270.5444,6.5061,0.2846
188,2022-09-30,1.3740,3.2777,2.5304,0.9350,3.6857,5.1652,0.7102,0.2013,0.6655,0.2583,4.9490,5.6367,0.6576,1.1728,0.0620,3.4963,0.3519,0.2606,0.2512,0.4692,2.8802,1.0127,0.0422,0.0863,0.4532,0.1339,0.2721,0.1369,5.0469,270.7253,6.4745,0.2810
189,2022-10-03,1.3807,3.2654,2.5298,0.9364,3.6803,5.1139,0.7127,0.2015,0.6654,0.2590,4.9480,5.6665,0.6572,1.1686,0.0619,3.4931,0.3513,0.2594,0.2507,0.4657,2.8642,1.0250,0.0422,0.0867,0.4536,0.1329,0.2734,0.1373,5.0712,270.7335,6.4929,0.2806
190,2022-10-04,1.3648,3.2514,2.5294,0.9706,3.6772,5.0700,0.7045,0.2016,0.6652,0.2550,4.9471,5.6906,0.6576,1.1855,0.0615,3.4644,0.3511,0.2591,0.2508,0.4732,2.8653,1.0312,0.0422,0.0848,0.4589,0.1335,0.2698,0.1360,5.0130,275.3715,6.4481,0.2821
191,2022-10-05,1.3560,3.2201,2.5267,0.9620,3.6634,5.0577,0.6999,0.2013,0.6644,0.2536,4.9419,5.6702,0.6569,1.1697,0.0612,3.4464,0.3514,0.2562,0.2483,0.4705,2.8447,1.0262,0.0421,0.0841,0.4556,0.1332,0.2681,0.1351,4.9805,273.2533,6.4183,0.2800
192,2022-10-06,1.3592,3.2315,2.5240,0.9606,3.6544,5.0780,0.7015,0.2015,0.6636,0.2539,4.9366,5.6319,0.6560,1.1700,0.0610,3.4502,0.3550,0.2555,0.2488,0.4735,2.8564,1.0193,0.0421,0.0820,0.4548,0.1339,0.2687,0.1354,4.9920,275.3180,6.4220,0.2798
193,2022-10-07,1.3724,3.2373,2.5263,0.9653,3.6767,5.0873,0.7084,0.2014,0.6642,0.2567,4.9410,5.6488,0.6566,1.1660,0.0612,3.4791,0.3572,0.2572,0.2516,0.4708,2.8502,1.0180,0.0421,0.0815,0.4538,0.1348,0.2712,0.1367,5.0408,277.3997,6.4647,0.2800
194,2022-10-10,1.3856,3.2134,2.5255,0.9787,3.7065,5.0999,0.7122,0.2015,0.6641,0.2589,4.9395,5.6323,0.6562,1.1583,0.0618,3.4992,0.3562,0.2596,0.2531,0.4767,2.8487,1.0148,0.0421,0.0810,0.4510,0.1342,0.2739,0.1378,5.0891,274.6920,6.4975,0.2802
195,2022-10-11,1.3857,3.1892,2.5241,0.9809,3.6751,5.0912,0.7094,0.2012,0.6636,0.2588,4.9367,5.6185,0.6558,1.1541,0.0618,3.4919,0.3548,0.2621,0.2545,0.4724,2.8332,1.0138,0.0421,0.0790,0.4490,0.1332,0.2738,0.1385,5.0896,272.1428,6.4918,0.2801
196,2022-10-12,1.3859,3.1887,2.5256,0.9616,3.6953,5.1107,0.7100,0.2010,0.6640,0.2585,4.9397,5.6309,0.6560,1.1500,0.0619,3.4767,0.3568,0.2619,0.2537,0.4738,2.8459,1.0166,0.0421,0.0789,0.4487,0.1337,0.2738,0.1381,5.0904,273.2698,6.4930,0.2797
197,2022-10-13,1.3826,3.1957,2.5266,0.9593,3.6808,5.0879,0.7066,0.2012,0.6643,0.2583,4.9416,5.6592,0.6561,1.1414,0.0616,3.4595,0.3553,0.2620,0.2544,0.4759,2.8610,1.0184,0.0421,0.0795,0.4484,0.1341,0.2732,0.1382,5.0782,273.6005,6.4827,0.2776
198,2022-10-14,1.3815,3.1895,2.5232,0.9645,3.6764,5.0587,0.7049,0.2006,0.6635,0.2581,4.9350,5.7138,0.6552,1.1816,0.0616,3.4353,0.3528,0.2616,0.2535,0.4776,2.8533,1.0236,0.0421,0.0801,0.4486,0.1327,0.2733,0.1374,5.0743,269.8310,6.4774,0.2790
199,2022-10-17,1.3775,3.1616,2.5237,0.9495,3.6635,5.0494,0.7025,0.2007,0.6636,0.2568,4.9360,5.7057,0.6558,1.1784,0.0614,3.4037,0.3521,0.2613,0.2529,0.4773,2.8335,1.0238,0.0421,0.0816,0.4494,0.1324,0.2722,0.1370,5.0597,269.5254,6.4616,0.2789
200,2022-10-18,1.3663,3.1542,2.5236,0.9502,3.6449,5.0429,0.6972,0.2008,0.6636,0.2553,4.9357,5.6628,0.6557,1.1962,0.0610,3.3680,0.3519,0.2607,0.2511,0.4740,2.8391,1.0251,0.0421,0.0813,0.4521,0.1318,0.2700,0.1359,5.0185,266.3385,6.4236,0.2770
201,2022-10-19,1.3676,3.1699,2.5201,0.9585,3.6569,5.0219,0.6951,0.2007,0.6626,0.2553,4.9290,5.6619,0.6545,1.1929,0.0606,3.3609,0.3517,0.2589,0.2508,0.4747,2.8606,1.0278,0.0420,0.0812,0.4503,0.1315,0.2702,0.1360,5.0234,264.8922,6.4209,0.2769
202,2022-10-20,1.3702,3.1664,2.5179,0.9549,3.6624,5.0105,0.6962,0.2006,0.6620,0.2555,4.9246,5.6400,0.6536,1.1970,0.0608,3.3592,0.3520,0.2595,0.2504,0.4747,2.8579,1.0306,0.0420,0.0818,0.4488,0.1319,0.2706,0.1363,5.0328,264.6130,6.4237,0.2748
203,2022-10-21,1.3731,3.1527,2.5120,0.9665,3.6502,4.9896,0.6962,0.2004,0.6605,0.2571,4.9130,5.6081,0.6521,1.1916,0.0610,3.3408,0.3495,0.2581,0.2515,0.4715,2.8445,1.0270,0.0419,0.0820,0.4441,0.1315,0.2711,0.1366,5.0434,263.5245,6.4204,0.2741
204,2022-10-24,1.3625,3.1460,2.5124,0.9689,3.6455,4.9941,0.6890,0.2007,0.6606,0.2546,4.9139,5.6661,0.6523,1.1879,0.0604,3.3493,0.3466,0.2599,0.2502,0.4715,2.8423,1.0264,0.0419,0.0814,0.4439,0.1310,0.2690,0.1355,5.0045,265.0073,6.3962,0.2724
205,2022-10-25,1.3527,3.1347,2.5072,0.9361,3.6165,4.9551,0.6798,0.2004,0.6593,0.2527,4.9038,5.6220,0.6509,1.1890,0.0601,3.3369,0.3455,0.2574,0.2498,0.4709,2.8211,1.0254,0.0418,0.0806,0.4460,0.1297,0.2670,0.1345,4.9684,262.0480,6.3561,0.2689
206,2022-10-26,1.3252,3.1519,2.4947,0.9155,3.5918,4.9194,0.6782,0.1987,0.6560,0.2468,4.8793,5.6349,0.6479,1.1910,0.0593,3.3091,0.3429,0.2555,0.2455,0.4710,2.8231,1.0239,0.0416,0.0790,0.4460,0.1290,0.2616,0.1318,4.8676,261.3694,6.2843,0.2694
207,2022-10-27,1.3267,3.1446,2.4997,0.9049,3.5826,4.9242,0.6734,0.1992,0.6572,0.2149,4.8890,5.6315,0.6491,1.1946,0.0591,3.3277,0.3427,0.2521,0.2442,0.4734,2.8303,1.0287,0.0417,0.0795,0.4469,0.1288,0.2618,0.1319,4.8734,260.2700,6.2884,0.2692
208,2022-10-28,1.3436,3.1643,2.5118,0.9240,3.6245,4.9587,0.6800,0.2006,0.6600,0.2132,4.9128,5.6901,0.6523,1.1904,0.0598,3.3402,0.3462,0.2531,0.2483,0.4781,2.8604,1.0385,0.0419,0.0799,0.4485,0.1303,0.2651,0.1337,4.9350,261.5781,6.3464,0.2718
209,2022-10-31,1.3473,3.1613,2.5125,0.9344,3.6198,4.9460,0.6781,0.2006,0.6601,0.2049,4.9141,5.7084,0.6525,1.1973,0.0597,3.3288,0.3465,0.2556,0.2491,0.4769,2.8676,1.0421,0.0419,0.0800,0.4499,0.1298,0.2659,0.1340,4.9487,260.5682,6.3527,0.2698
210,2022-11-01,1.3469,3.1896,2.5122,0.9550,3.6523,4.9819,0.6802,0.2007,0.6599,0.2044,4.9134,5.7099,0.6523,1.2048,0.0598,3.3617,0.3497,0.2562,0.2504,0.4810,2.9085,1.0447,0.0419,0.0805,0.4518,0.1311,0.2657,0.1339,4.9470,262.6787,6.3583,0.2726
211,2022-11-02,1.3510,3.1859,2.5111,0.9648,3.6468,4.9757,0.6816,0.2006,0.6598,0.2046,4.9113,5.7125,0.6520,1.2044,0.0600,3.3736,0.3507,0.2562,0.2520,0.4797,2.9195,1.0448,0.0419,0.0803,0.4506,0.1321,0.2666,0.1344,4.9624,264.0270,6.3698,0.2734
212,2022-11-03,1.3706,3.1647,2.5058,0.9788,3.6549,4.9653,0.6880,0.1998,0.6585,0.2072,4.9010,5.6649,0.6502,1.1969,0.0607,3.3933,0.3527,0.2569,0.2554,0.4738,2.8985,1.0402,0.0418,0.0805,0.4481,0.1324,0.2704,0.1364,5.0344,262.3884,6.4133,0.2730
213,2022-11-04,1.3591,3.1784,2.4990,0.9756,3.6626,4.9578,0.6889,0.1999,0.6567,0.2059,4.8876,5.5999,0.6486,1.2130,0.0606,3.3783,0.3523,0.2601,0.2550,0.4756,2.9092,1.0416,0.0417,0.0803,0.4494,0.1330,0.2681,0.1358,4.9919,264.8052,6.3775,0.2740
214,2022-11-07,1.3329,3.1607,2.4987,0.9681,3.6283,4.9422,0.6773,0.2005,0.6569,0.2011,4.8871,5.6006,0.6484,1.2164,0.0598,3.3367,0.3516,0.2582,0.2512,0.4773,2.8934,1.0421,0.0417,0.0797,0.4519,0.1309,0.2632,0.1326,4.8959,264.0616,6.3036,0.2740
215,2022-11-08,1.3318,3.1684,2.5008,0.9485,3.6232,4.9449,0.6743,0.2009,0.6575,0.2005,4.8912,5.6124,0.6487,1.2202,0.0599,3.3441,0.3548,0.2533,0.2517,0.4753,2.9020,1.0426,0.0417,0.0801,0.4510,0.1312,0.2630,0.1324,4.8917,262.8262,6.3014,0.2754
216,2022-11-09,1.3300,3.1560,2.5080,0.9496,3.6301,4.9560,0.6741,0.2013,0.6595,0.2005,4.9052,5.5874,0.6506,1.2127,0.0600,3.3510,0.3570,0.2541,0.2496,0.4747,2.8796,1.0427,0.0418,0.0800,0.4521,0.1324,0.2626,0.1323,4.8852,268.1937,6.3014,0.2743
217,2022-11-10,1.3397,3.1440,2.5012,0.9486,3.6259,4.9722,0.6782,0.2009,0.6577,0.2014,4.8919,5.5952,0.6485,1.2192,0.0602,3.3581,0.3567,0.2524,0.2512,0.4706,2.8762,1.0362,0.0417,0.0801,0.4495,0.1333,0.2644,0.1332,4.9207,270.0121,6.3232,0.2760
218,2022-11-11,1.2972,3.1762,2.5003,0.8913,3.5794,4.9579,0.6685,0.2014,0.6574,0.1953,4.8902,5.5885,0.6481,1.2117,0.0590,3.4142,0.3603,0.2554,0.2456,0.4757,2.8757,1.0442,0.0417,0.0789,0.4549,0.1326,0.2568,0.1289,4.7644,269.8428,6.2284,0.2754
219,2022-11-14,1.2956,3.1729,2.5044,0.8936,3.5781,5.0215,0.6732,0.2018,0.6585,0.1946,4.8982,5.5928,0.6492,1.2051,0.0585,3.3837,0.3592,0.2474,0.2436,0.4752,2.8875,1.0443,0.0418,0.0785,0.4559,0.1325,0.2558,0.1293,4.7588,268.5685,6.2295,0.2742
220,2022-11-15,1.2801,3.1793,2.5069,0.8817,3.5421,5.0061,0.6685,0.2017,0.6592,0.1926,4.9032,5.5750,0.6496,1.2075,0.0581,3.3751,0.3586,0.2488,0.2433,0.4735,2.8962,1.0419,0.0418,0.0778,0.4532,0.1324,0.2527,0.1273,4.7020,268.4927,6.1909,0.2736
221,2022-11-16,1.2844,3.2015,2.5160,0.8846,3.5626,5.0226,0.6666,0.2022,0.6615,0.1929,4.9209,5.6277,0.6523,1.2098,0.0581,3.3881,0.3570,0.2466,0.2443,0.4752,2.9179,1.0467,0.0420,0.0779,0.4531,0.1326,0.2535,0.1279,4.7176,270.4325,6.2104,0.2741
222,2022-11-17,1.2970,3.1784,2.5190,0.8822,3.5630,5.0162,0.6661,0.2020,0.6623,0.1947,4.9267,5.6466,0.6533,1.1912,0.0583,3.4050,0.3534,0.2473,0.2455,0.4703,2.9043,1.0476,0.0420,0.0789,0.4497,0.1324,0.2558,0.1296,4.7640,269.9403,6.2427,0.2726
223,2022-11-18,1.2964,3.2026,2.5267,0.8780,3.5742,5.0066,0.6693,0.2029,0.6644,0.1942,4.9418,5.6799,0.6555,1.2105,0.0583,3.4071,0.3559,0.2492,0.2451,0.4720,2.9472,1.0512,0.0421,0.0789,0.4497,0.1334,0.2558,0.1290,4.7618,270.2902,6.2535,0.2756
224,2022-11-21,1.3146,3.1966,2.5266,0.8970,3.5959,5.0346,0.6738,0.2029,0.6643,0.1971,4.9417,5.7040,0.6551,1.2060,0.0591,3.4074,0.3554,0.2486,0.2476,0.4707,2.9546,1.0509,0.0421,0.0795,0.4497,0.1333,0.2592,0.1307,4.8287,270.3308,6.2992,0.2773
225,2022-11-22,1.3046,3.1828,2.5182,0.9006,3.5761,5.0192,0.6715,0.2023,0.6622,0.1953,4.9253,5.6838,0.6529,1.2047,0.0587,3.3901,0.3540,0.2509,0.2452,0.4701,2.9465,1.0467,0.0420,0.0790,0.4490,0.1326,0.2573,0.1297,4.7918,269.1826,6.2652,0.2774
226,2022-11-23,1.3047,3.1826,2.5250,0.8942,3.5731,5.0285,0.6695,0.2028,0.6640,0.1950,4.9385,5.7102,0.6548,1.2168,0.0586,3.3875,0.3542,0.2502,0.2468,0.4761,2.9566,1.0516,0.0421,0.0790,0.4523,0.1322,0.2573,0.1298,4.7923,267.6050,6.2701,0.2783
227,2022-11-24,1.2902,3.1966,2.5211,0.8842,3.5514,5.0256,0.6633,0.2025,0.6631,0.1930,4.9309,5.7413,0.6539,1.1883,0.0580,3.4276,0.3564,0.2479,0.2451,0.4761,2.9656,1.0493,0.0420,0.0782,0.4527,0.1325,0.2544,0.1283,4.7390,267.5475,6.2373,0.2788
228,2022-11-25,1.2872,3.1913,2.5181,0.8885,3.5438,5.0120,0.6598,0.2021,0.6623,0.1924,4.9250,5.7274,0.6525,1.2003,0.0579,3.3950,0.3558,0.2453,0.2439,0.4776,2.9524,1.0504,0.0420,0.0780,0.4545,0.1321,0.2537,0.1280,4.7278,266.4903,6.2192,0.2765
229,2022-11-28,1.2808,3.1556,2.5189,0.8696,3.5027,4.9892,0.6540,0.2023,0.6625,0.1912,4.9266,5.6863,0.6527,1.2063,0.0577,3.4163,0.3529,0.2447,0.2435,0.4757,2.9308,1.0521,0.0420,0.0773,0.4530,0.1323,0.2526,0.1280,4.7043,266.5349,6.1995,0.2754
230,2022-11-29,1.2901,3.1941,2.5147,0.8831,3.5228,4.9890,0.6612,0.2021,0.6614,0.1929,4.9184,5.6933,0.6514,1.2093,0.0580,3.4339,0.3572,0.2427,0.2485,0.4759,2.9580,1.0503,0.0419,0.0776,0.4516,0.1339,0.2543,0.1289,4.7383,267.3958,6.2270,0.2793
231,2022-12-02,1.2756,3.1935,2.5205,0.9036,3.4860,5.0142,0.6670,0.2023,0.6629,0.1907,4.9297,5.7419,0.6529,1.2044,0.0576,3.4938,0.3612,0.2417,0.2446,0.4803,2.9969,1.0539,0.0420,0.0755,0.4537,0.1348,0.2516,0.1273,4.6851,271.1673,6.2190,0.2705
232,2022-12-05,1.2721,3.1778,2.5159,0.8952,3.4784,4.9903,0.6716,0.2020,0.6616,0.1899,4.9207,5.7178,0.6515,1.1975,0.0571,3.4523,0.3599,0.2383,0.2392,0.4773,2.9901,1.0479,0.0419,0.0750,0.4524,0.1346,0.2507,0.1265,4.6726,269.7555,6.2057,0.2711
233,2022-12-06,1.2743,3.1421,2.5117,0.8863,3.4338,4.9667,0.6688,0.2019,0.6605,0.1902,4.9126,5.6911,0.6502,1.1838,0.0567,3.4228,0.3540,0.2374,0.2378,0.4700,2.9584,1.0454,0.0419,0.0740,0.4510,0.1334,0.2511,0.1266,4.6804,266.7598,6.1981,0.2696
234,2022-12-07,1.2751,3.1265,2.5148,0.8945,3.4210,4.9766,0.6710,0.2022,0.6613,0.1900,4.9186,5.7021,0.6513,1.2035,0.0568,3.4069,0.3542,0.2397,0.2366,0.4656,2.9653,1.0472,0.0420,0.0741,0.4500,0.1335,0.2513,0.1270,4.6835,267.0437,6.2032,0.2703
235,2022-12-08,1.2756,3.1512,2.5151,0.9001,3.4303,4.9737,0.6720,0.2022,0.6614,0.1903,4.9192,5.6962,0.6515,1.1854,0.0568,3.4209,0.3548,0.2412,0.2381,0.4676,2.9733,1.0497,0.0420,0.0746,0.4502,0.1346,0.2513,0.1269,4.6852,268.5155,6.2069,0.2722
236,2022-12-09,1.2691,3.1553,2.5161,0.8920,3.4211,4.9963,0.6704,0.2025,0.6616,0.1895,4.9211,5.7073,0.6513,1.1839,0.0566,3.4271,0.3576,0.2412,0.2366,0.4669,2.9761,1.0508,0.0420,0.0745,0.4509,0.1339,0.2500,0.1262,4.6615,268.9159,6.1937,0.2702
237,2022-12-12,1.2705,3.1639,2.5199,0.8905,3.4156,5.0039,0.6691,0.2027,0.6627,0.1891,4.9286,5.7329,0.6525,1.1805,0.0566,3.4147,0.3575,0.2408,0.2364,0.4667,2.9927,1.0501,0.0420,0.0745,0.4519,0.1344,0.2504,0.1263,4.6664,268.7830,6.1985,0.2670
238,2022-12-13,1.2747,3.1689,2.5214,0.8796,3.4374,4.9961,0.6707,0.2031,0.6629,0.1897,4.9314,5.7496,0.6533,1.2008,0.0565,3.4008,0.3583,0.2409,0.2359,0.4705,2.9930,1.0510,0.0420,0.0742,0.4534,0.1346,0.2512,0.1268,4.6821,268.8660,6.2099,0.2652
239,2022-12-14,1.2585,3.1740,2.5180,0.8731,3.4083,4.9864,0.6655,0.2028,0.6620,0.1870,4.9248,5.7268,0.6533,1.2101,0.0560,3.4288,0.3573,0.2415,0.2365,0.4742,2.9772,1.0519,0.0420,0.0729,0.4531,0.1338,0.2479,0.1251,4.6225,268.5695,6.1692,0.2694
240,2022-12-15,1.2615,3.1340,2.5158,0.8777,3.4146,4.9847,0.6649,0.2026,0.6615,0.1875,4.9206,5.7160,0.6527,1.2169,0.0560,3.3906,0.3531,0.2391,0.2349,0.4721,2.9512,1.0494,0.0420,0.0719,0.4515,0.1326,0.2484,0.1255,4.6338,264.9217,6.1674,0.2679
241,2022-12-16,1.2609,3.0963,2.5155,0.8715,3.3854,4.9761,0.6639,0.2028,0.6615,0.1876,4.9199,5.6327,0.6525,1.2080,0.0559,3.3753,0.3535,0.2391,0.2333,0.4686,2.9419,1.0496,0.0419,0.0714,0.4470,0.1325,0.2483,0.1254,4.6305,264.9576,6.1554,0.2617
242,2022-12-19,1.2616,3.1126,2.5143,0.8718,3.3967,4.9751,0.6644,0.2029,0.6611,0.1874,4.9176,5.6544,0.6522,1.2181,0.0560,3.4029,0.3563,0.2384,0.2346,0.4692,2.9604,1.0500,0.0419,0.0696,0.4471,0.1331,0.2484,0.1254,4.6333,267.5428,6.1622,0.2686
243,2022-12-20,1.2577,3.0893,2.5125,0.8726,3.3928,4.9866,0.6629,0.2030,0.6606,0.1868,4.9140,5.6199,0.6513,1.2191,0.0558,3.4865,0.3598,0.2390,0.2330,0.4688,2.9365,1.0492,0.0419,0.0668,0.4447,0.1330,0.2475,0.1251,4.6193,268.2601,6.1596,0.2666
244,2022-12-21,1.2570,3.0841,2.5065,0.8878,3.3902,4.9813,0.6620,0.2024,0.6591,0.1865,4.9023,5.5994,0.6501,1.2179,0.0558,3.5023,0.3583,0.2383,0.2341,0.4689,2.9081,1.0512,0.0418,0.0651,0.4424,0.1330,0.2475,0.1250,4.6165,269.1794,6.1531,0.2663
245,2022-12-22,1.2541,3.1036,2.5043,0.8855,3.3842,4.9826,0.6599,0.2023,0.6585,0.1865,4.8981,5.5635,0.6497,1.2165,0.0557,3.4881,0.3601,0.2390,0.2347,0.4715,2.9002,1.0526,0.0418,0.0635,0.4439,0.1329,0.2466,0.1247,4.6056,268.7520,6.1380,0.2695
246,2022-12-23,1.2575,3.0977,2.5063,0.8938,3.3944,4.9648,0.6612,0.2023,0.6592,0.1866,4.9020,5.5730,0.6504,1.2243,0.0558,3.4826,0.3604,0.2395,0.2369,0.4699,2.9081,1.0575,0.0418,0.0670,0.4414,0.1329,0.2472,0.1250,4.6180,266.8572,6.1481,0.2701
247,2022-12-27,1.2585,3.1177,2.5195,0.8856,3.4156,4.9834,0.6639,0.2033,0.6626,0.1867,4.9278,5.5747,0.6539,1.2240,0.0558,3.4667,0.3638,0.2413,0.2390,0.4714,2.9164,1.0580,0.0420,0.0657,0.4434,0.1335,0.2472,0.1251,4.6221,268.7101,6.1611,0.2699
248,2022-12-28,1.2661,3.1488,2.5290,0.8785,3.4413,5.0082,0.6667,0.2042,0.6652,0.1877,4.9463,5.6065,0.6562,1.2277,0.0561,3.4757,0.3669,0.2415,0.2396,0.4733,2.9386,1.0547,0.0422,0.0649,0.4452,0.1339,0.2486,0.1259,4.6501,269.5130,6.1911,0.2711
249,2022-12-29,1.2661,3.1242,2.5287,0.8827,3.4212,5.0249,0.6679,0.2043,0.6651,0.1877,4.9458,5.5954,0.6562,1.2288,0.0561,3.4751,0.3670,0.2424,0.2401,0.4697,2.9344,1.0543,0.0422,0.0643,0.4435,0.1341,0.2484,0.1259,4.6501,269.7918,6.1913,0.2731
250,2022-12-30,1.2620,3.1491,2.5295,0.8768,3.4232,5.0289,0.6685,0.2049,0.6653,0.1872,4.9474,5.5878,0.6565,1.2354,0.0560,3.5153,0.3683,0.2428,0.2377,0.4708,2.9352,1.0557,0.0422,0.0637,0.4445,0.1341,0.2473,0.1255,4.6346,270.6553,6.1883,0.2734
